# Exported from 3D Builder
mtllib Bomb.mtl

o Object.1
v 14.546946 209.348511 39.476425 50 50 40
v 13.534781 208.822388 38.440475 50 50 40
v 14.558706 239.502319 12.635651 50 50 40
v 13.536169 209.679565 12.662369 50 50 40
v 12.982477 209.914185 13.227478 50 50 40
v 14.548445 210.273315 11.663773 50 50 40
v 12.991518 238.630371 38.874252 50 50 40
v 12.992849 239.450562 14.209579 50 50 40
v 12.986036 221.241333 23.472351 50 50 40
v 14.774668 238.584229 40.243073 50 50 40
v 13.251780 209.098755 37.746399 50 50 40
v 13.263464 239.445068 14.370728 50 50 40
v 14.765882 210.265869 11.884399 50 50 40
v 13.256887 222.179932 25.984528 50 50 40
v 13.256865 221.956177 24.655472 50 50 40
v 13.806787 209.673950 12.830444 50 50 40
v 13.262152 238.635132 38.728516 50 50 40
v 13.253092 209.908691 13.388611 50 50 40
v 13.256723 221.868408 27.295807 50 50 40
v 14.557207 238.577515 40.448303 50 50 40
v 14.776144 239.494873 12.856293 50 50 40
v 13.256662 221.239868 23.511032 50 50 40
v 12.986238 221.957153 24.630661 50 50 40
v 12.986097 221.868164 27.304703 50 50 40
v 12.986261 222.180420 25.976593 50 50 40
v 12.985773 221.077026 28.412918 50 50 40
v 13.256399 221.077637 28.390121 50 50 40
v 14.764406 209.355225 39.271179 50 50 40
v 12.981146 209.093994 37.892151 50 50 40
v 13.805418 208.827515 38.287811 50 50 40

v 14.546946 209.348511 39.476425 50 50 40
v 12.991518 238.630371 38.874252 50 50 40
v 14.546946 209.348511 39.476425 50 50 40
v 12.981146 209.093994 37.892151 50 50 40
v 12.981146 209.093994 37.892151 50 50 40
v 13.534781 208.822388 38.440475 50 50 40
v 13.251780 209.098755 37.746399 50 50 40
v 13.534781 208.822388 38.440475 50 50 40
v 13.805418 208.827515 38.287811 50 50 40
v 13.251780 209.098755 37.746399 50 50 40
v 13.805418 208.827515 38.287811 50 50 40
v 14.764406 209.355225 39.271179 50 50 40
v 14.546946 209.348511 39.476425 50 50 40
v 14.764406 209.355225 39.271179 50 50 40
v 13.251780 209.098755 37.746399 50 50 40
v 14.764406 209.355225 39.271179 50 50 40
v 13.262152 238.635132 38.728516 50 50 40
v 14.764406 209.355225 39.271179 50 50 40
v 14.774668 238.584229 40.243073 50 50 40
v 14.557207 238.577515 40.448303 50 50 40
v 13.251780 209.098755 37.746399 50 50 40
v 13.262152 238.635132 38.728516 50 50 40
v 13.262152 238.635132 38.728516 50 50 40
v 13.256399 221.077637 28.390121 50 50 40
v 13.256723 221.868408 27.295807 50 50 40
v 13.256399 221.077637 28.390121 50 50 40
v 12.986097 221.868164 27.304703 50 50 40
v 13.256399 221.077637 28.390121 50 50 40
v 12.986097 221.868164 27.304703 50 50 40
v 12.985773 221.077026 28.412918 50 50 40
v 12.991518 238.630371 38.874252 50 50 40
v 12.986097 221.868164 27.304703 50 50 40
v 12.991518 238.630371 38.874252 50 50 40
v 12.986261 222.180420 25.976593 50 50 40
v 12.991518 238.630371 38.874252 50 50 40
v 12.992849 239.450562 14.209579 50 50 40
v 14.558706 239.502319 12.635651 50 50 40
v 14.548445 210.273315 11.663773 50 50 40
v 14.776144 239.494873 12.856293 50 50 40
v 14.548445 210.273315 11.663773 50 50 40
v 14.548445 210.273315 11.663773 50 50 40
v 14.765882 210.265869 11.884399 50 50 40
v 14.548445 210.273315 11.663773 50 50 40
v 13.806787 209.673950 12.830444 50 50 40
v 13.536169 209.679565 12.662369 50 50 40
v 13.806787 209.673950 12.830444 50 50 40
v 13.536169 209.679565 12.662369 50 50 40
v 13.253092 209.908691 13.388611 50 50 40
v 12.982477 209.914185 13.227478 50 50 40
v 13.253092 209.908691 13.388611 50 50 40
v 12.986036 221.241333 23.472351 50 50 40
v 12.992849 239.450562 14.209579 50 50 40
v 12.982477 209.914185 13.227478 50 50 40
v 12.992849 239.450562 14.209579 50 50 40
v 12.986036 221.241333 23.472351 50 50 40
v 12.986036 221.241333 23.472351 50 50 40
v 12.986238 221.957153 24.630661 50 50 40
v 13.256662 221.239868 23.511032 50 50 40
v 12.986238 221.957153 24.630661 50 50 40
v 12.986238 221.957153 24.630661 50 50 40
v 13.256865 221.956177 24.655472 50 50 40
v 12.986261 222.180420 25.976593 50 50 40
v 13.256865 221.956177 24.655472 50 50 40
v 12.986261 222.180420 25.976593 50 50 40
v 12.986261 222.180420 25.976593 50 50 40
v 13.256887 222.179932 25.984528 50 50 40
v 13.256723 221.868408 27.295807 50 50 40
v 13.256887 222.179932 25.984528 50 50 40
v 13.256865 221.956177 24.655472 50 50 40
v 13.263464 239.445068 14.370728 50 50 40
v 13.262152 238.635132 38.728516 50 50 40
v 13.256887 222.179932 25.984528 50 50 40
v 13.256865 221.956177 24.655472 50 50 40
v 13.256662 221.239868 23.511032 50 50 40
v 13.263464 239.445068 14.370728 50 50 40
v 13.256662 221.239868 23.511032 50 50 40
v 13.253092 209.908691 13.388611 50 50 40
v 13.263464 239.445068 14.370728 50 50 40
v 14.765882 210.265869 11.884399 50 50 40
v 13.263464 239.445068 14.370728 50 50 40
v 13.253092 209.908691 13.388611 50 50 40
v 13.253092 209.908691 13.388611 50 50 40
v 13.256662 221.239868 23.511032 50 50 40
v 12.986036 221.241333 23.472351 50 50 40
v 13.536169 209.679565 12.662369 50 50 40
v 12.982477 209.914185 13.227478 50 50 40
v 14.548445 210.273315 11.663773 50 50 40
v 13.806787 209.673950 12.830444 50 50 40
v 14.765882 210.265869 11.884399 50 50 40
v 13.253092 209.908691 13.388611 50 50 40
v 14.765882 210.265869 11.884399 50 50 40
v 14.776144 239.494873 12.856293 50 50 40
v 13.263464 239.445068 14.370728 50 50 40
v 14.548445 210.273315 11.663773 50 50 40
v 12.982477 209.914185 13.227478 50 50 40
v 12.992849 239.450562 14.209579 50 50 40
v 12.986261 222.180420 25.976593 50 50 40
v 12.992849 239.450562 14.209579 50 50 40
v 12.986238 221.957153 24.630661 50 50 40
v 12.986097 221.868164 27.304703 50 50 40
v 12.986261 222.180420 25.976593 50 50 40
v 13.256723 221.868408 27.295807 50 50 40
v 13.256887 222.179932 25.984528 50 50 40
v 13.262152 238.635132 38.728516 50 50 40
v 13.256723 221.868408 27.295807 50 50 40
v 12.985773 221.077026 28.412918 50 50 40
v 13.256399 221.077637 28.390121 50 50 40
v 13.251780 209.098755 37.746399 50 50 40
v 12.981146 209.093994 37.892151 50 50 40
v 12.985773 221.077026 28.412918 50 50 40
v 13.251780 209.098755 37.746399 50 50 40
v 13.534781 208.822388 38.440475 50 50 40
v 13.805418 208.827515 38.287811 50 50 40
v 14.546946 209.348511 39.476425 50 50 40
v 12.981146 209.093994 37.892151 50 50 40
v 12.991518 238.630371 38.874252 50 50 40
v 12.985773 221.077026 28.412918 50 50 40
v 14.546946 209.348511 39.476425 50 50 40
v 14.764406 209.355225 39.271179 50 50 40
v 14.557207 238.577515 40.448303 50 50 40

f 1 20 7
f 31 32 29
f 2 33 34
f 35 11 36
f 37 30 38
f 39 40 28
f 41 42 43
f 44 45 17
f 46 47 10
f 48 49 50
f 51 27 52
f 19 53 54
f 24 55 56
f 26 57 58
f 59 60 61
f 25 62 63
f 8 64 65
f 6 66 3
f 67 21 68
f 69 13 70
f 71 72 16
f 4 73 74
f 75 76 18
f 5 77 78
f 79 80 9
f 81 82 83
f 23 84 85
f 86 22 87
f 88 15 89
f 90 91 92
f 93 14 94
f 95 96 97
f 98 99 12
f 100 101 102
f 103 104 105
f 106 107 108
f 109 110 111
f 112 113 114
f 115 116 117
f 118 119 120
f 121 122 123
f 124 125 126
f 127 128 129
f 130 131 132
f 133 134 135
f 136 137 138
f 139 140 141
f 142 143 144
f 145 146 147
f 148 149 150

usemtl Metallic_0
f 20 10 17
f 8 7 12
f 8 12 3
f 12 21 3
f 7 17 12
f 7 20 17


o Object.2
v 12.353212 209.935303 12.597870 0 0 0
v -13.899948 210.303955 11.041916 0 0 0
v -12.325289 209.943970 12.596832 50 50 40
v 12.363585 239.471680 13.579971 0 0 0
v 2.485010 221.593628 12.984985 50 50 40
v -12.314919 239.480347 13.578934 0 0 0
v -2.458130 221.595459 12.984772 50 50 40
v -13.668797 239.540161 11.796173 50 50 40
v -12.714062 209.718750 11.764465 50 50 40
v 2.462160 221.602661 12.714310 50 50 40
v 1.342571 222.356689 12.739319 50 50 40
v -12.153601 239.489380 13.308258 50 50 40
v 0.021677 222.624878 12.748169 50 50 40
v -2.419525 221.604492 12.714111 50 50 40
v -13.679060 210.311157 10.824295 50 50 40
v 12.217920 239.480713 13.309296 50 50 40
v -13.889685 239.532959 12.013809 0 0 0
v -12.163971 209.953003 12.326157 50 50 40
v 0.013775 222.615845 13.018829 0 0 0
v 13.733332 239.530518 11.797333 50 50 40
v 12.757524 209.709717 11.765533 50 50 40
v 13.723070 210.301514 10.825439 50 50 40
v 13.928305 210.294067 11.043091 0 0 0
v -12.882277 209.709839 12.034637 50 50 40
v -1.323923 222.348511 13.009888 0 0 0
v -1.299406 222.357544 12.739212 50 50 40
v 1.351288 222.347656 13.009995 50 50 40
v 13.938566 239.523071 12.014984 0 0 0
v 12.207548 209.944336 12.327179 50 50 40
v 12.910128 209.700684 12.035736 0 0 0

v 13.928305 210.294067 11.043091 0 0 0
v 12.363585 239.471680 13.579971 0 0 0
v 13.928305 210.294067 11.043091 0 0 0
v 12.353212 209.935303 12.597870 0 0 0
v 12.353212 209.935303 12.597870 50 50 40
v 12.910128 209.700684 12.035736 50 50 40
v 12.207548 209.944336 12.327179 50 50 40
v 12.910128 209.700684 12.035736 50 50 40
v 12.757524 209.709717 11.765533 50 50 40
v 12.207548 209.944336 12.327179 50 50 40
v 12.757524 209.709717 11.765533 50 50 40
v 13.723070 210.301514 10.825439 50 50 40
v 13.928305 210.294067 11.043091 50 50 40
v 13.723070 210.301514 10.825439 50 50 40
v 12.207548 209.944336 12.327179 50 50 40
v 13.723070 210.301514 10.825439 50 50 40
v 12.217920 239.480713 13.309296 50 50 40
v 13.723070 210.301514 10.825439 50 50 40
v 13.733332 239.530518 11.797333 50 50 40
v 13.938566 239.523071 12.014984 50 50 40
v 1.351288 222.347656 13.009995 50 50 40
v 2.462160 221.602661 12.714310 50 50 40
v 1.351288 222.347656 13.009995 0 0 0
v 2.485010 221.593628 12.984985 0 0 0
v 12.363585 239.471680 13.579971 0 0 0
v 1.351288 222.347656 13.009995 0 0 0
v 12.363585 239.471680 13.579971 0 0 0
v 0.013775 222.615845 13.018829 0 0 0
v 12.363585 239.471680 13.579971 0 0 0
v -12.314919 239.480347 13.578934 0 0 0
v -13.889685 239.532959 12.013809 50 50 40
v -13.899948 210.303955 11.041916 50 50 40
v -13.668797 239.540161 11.796173 50 50 40
v -13.899948 210.303955 11.041916 50 50 40
v -13.899948 210.303955 11.041916 50 50 40
v -13.679060 210.311157 10.824295 50 50 40
v -13.899948 210.303955 11.041916 50 50 40
v -12.714062 209.718750 11.764465 50 50 40
v -12.882277 209.709839 12.034637 50 50 40
v -12.714062 209.718750 11.764465 50 50 40
v -12.882277 209.709839 12.034637 50 50 40
v -12.163971 209.953003 12.326157 50 50 40
v -12.325289 209.943970 12.596832 50 50 40
v -12.163971 209.953003 12.326157 50 50 40
v -2.458130 221.595459 12.984772 0 0 0
v -12.314919 239.480347 13.578934 0 0 0
v -12.325289 209.943970 12.596832 0 0 0
v -12.314919 239.480347 13.578934 0 0 0
v -2.458130 221.595459 12.984772 0 0 0
v -2.458130 221.595459 12.984772 50 50 40
v -1.323923 222.348511 13.009888 50 50 40
v -2.419525 221.604492 12.714111 50 50 40
v -1.323923 222.348511 13.009888 50 50 40
v -1.323923 222.348511 13.009888 50 50 40
v -1.299406 222.357544 12.739212 50 50 40
v 0.013775 222.615845 13.018829 50 50 40
v -1.299406 222.357544 12.739212 50 50 40
v 0.013775 222.615845 13.018829 50 50 40
v 0.013775 222.615845 13.018829 50 50 40
v 0.021677 222.624878 12.748169 50 50 40
v 1.342571 222.356689 12.739319 50 50 40
v -13.679060 210.311157 10.824295 50 50 40
v -12.163971 209.953003 12.326157 50 50 40
v -12.163971 209.953003 12.326157 50 50 40
v -2.419525 221.604492 12.714111 50 50 40
v -2.458130 221.595459 12.984772 50 50 40
v -12.882277 209.709839 12.034637 0 0 0
v -12.325289 209.943970 12.596832 0 0 0
v -13.899948 210.303955 11.041916 0 0 0
v -12.714062 209.718750 11.764465 50 50 40
v -13.679060 210.311157 10.824295 50 50 40
v -12.163971 209.953003 12.326157 50 50 40
v -13.679060 210.311157 10.824295 50 50 40
v -13.668797 239.540161 11.796173 50 50 40
v -12.153601 239.489380 13.308258 50 50 40
v -13.899948 210.303955 11.041916 0 0 0
v -12.325289 209.943970 12.596832 0 0 0
v -12.314919 239.480347 13.578934 0 0 0
v 0.013775 222.615845 13.018829 0 0 0
v -12.314919 239.480347 13.578934 0 0 0
v -1.323923 222.348511 13.009888 0 0 0
v 1.351288 222.347656 13.009995 50 50 40
v 0.013775 222.615845 13.018829 50 50 40
v 1.342571 222.356689 12.739319 50 50 40
v 2.485010 221.593628 12.984985 50 50 40
v 2.462160 221.602661 12.714310 50 50 40
v 12.207548 209.944336 12.327179 50 50 40
v 12.353212 209.935303 12.597870 50 50 40
v 2.485010 221.593628 12.984985 50 50 40
v 12.207548 209.944336 12.327179 50 50 40
v 12.910128 209.700684 12.035736 50 50 40
v 12.757524 209.709717 11.765533 50 50 40
v 13.928305 210.294067 11.043091 50 50 40
v 12.353212 209.935303 12.597870 0 0 0
v 12.363585 239.471680 13.579971 0 0 0
v 2.485010 221.593628 12.984985 0 0 0
v 13.928305 210.294067 11.043091 50 50 40
v 13.723070 210.301514 10.825439 50 50 40
v 13.938566 239.523071 12.014984 50 50 40

f 173 178 154
f 181 182 151
f 180 183 184
f 185 179 186
f 187 171 188
f 189 190 172
f 191 192 193
f 194 195 166
f 196 197 170
f 198 199 200
f 177 161 160
f 155 201 202
f 203 204 205
f 169 206 207
f 156 208 209
f 152 210 167
f 211 158 212
f 213 165 214
f 215 216 159
f 174 217 218
f 219 220 168
f 153 221 222
f 223 224 157
f 225 226 227
f 175 228 229
f 230 164 231
f 232 176 233
f 234 235 236
f 237 163 238
f 239 240 241
f 242 162 243
f 244 245 246
f 247 248 249
f 250 251 252
f 253 254 255
f 256 257 258
f 259 260 261
f 262 263 264
f 265 266 267
f 268 269 270
f 271 272 273
f 274 275 276
f 277 278 279

usemtl Metallic_0
f 178 170 166
f 179 160 166
f 161 166 160
f 156 154 162
f 156 162 167
f 163 176 162
f 162 166 163
f 176 164 162
f 164 168 162
f 162 158 167
f 154 166 162
f 163 166 161
f 154 178 166


o Object.3
v -14.520843 210.283691 11.661560 50 50 40
v -14.510579 239.512695 12.633453 50 50 40
v -12.944893 239.459717 14.207504 50 50 40
v -12.955263 209.923340 13.225403 50 50 40
v -13.510462 208.832153 38.438843 50 50 40
v -14.522341 209.358887 39.474701 50 50 40
v -12.951500 221.965942 24.638489 50 50 40
v -14.738307 210.276855 11.866806 50 50 40
v -13.216839 238.645020 38.711029 50 50 40
v -14.739781 209.366211 39.253586 50 50 40
v -13.781078 208.837769 38.270294 50 50 40
v -13.222267 221.878052 27.287750 50 50 40
v -13.222593 221.087280 28.381577 50 50 40
v -13.215477 239.454956 14.353241 50 50 40
v -12.951477 222.189209 25.983932 50 50 40
v -14.512077 238.587891 40.446579 50 50 40
v -13.222103 222.189575 25.976471 50 50 40
v -14.728044 239.505859 12.838684 50 50 40
v -13.222330 221.249512 23.502975 50 50 40
v -13.779709 209.684204 12.812927 50 50 40
v -14.729518 238.595215 40.225464 50 50 40
v -12.951643 221.877075 27.312042 50 50 40
v -12.946220 238.639526 38.872665 50 50 40
v -12.956591 209.103149 37.890564 50 50 40
v -13.227209 209.108643 37.728928 50 50 40
v -12.951969 221.085815 28.420258 50 50 40
v -13.222126 221.965820 24.646927 50 50 40
v -13.509073 209.689209 12.660248 50 50 40
v -12.951704 221.250122 23.479675 50 50 40
v -13.225847 209.918579 13.371124 50 50 40

v -14.520843 210.283691 11.661560 50 50 40
v -12.944893 239.459717 14.207504 50 50 40
v -14.520843 210.283691 11.661560 50 50 40
v -12.955263 209.923340 13.225403 50 50 40
v -12.955263 209.923340 13.225403 50 50 40
v -13.509073 209.689209 12.660248 50 50 40
v -13.225847 209.918579 13.371124 50 50 40
v -13.509073 209.689209 12.660248 50 50 40
v -13.779709 209.684204 12.812927 50 50 40
v -13.225847 209.918579 13.371124 50 50 40
v -13.779709 209.684204 12.812927 50 50 40
v -14.738307 210.276855 11.866806 50 50 40
v -14.520843 210.283691 11.661560 50 50 40
v -14.738307 210.276855 11.866806 50 50 40
v -13.225847 209.918579 13.371124 50 50 40
v -14.738307 210.276855 11.866806 50 50 40
v -13.215477 239.454956 14.353241 50 50 40
v -14.738307 210.276855 11.866806 50 50 40
v -14.728044 239.505859 12.838684 50 50 40
v -14.510579 239.512695 12.633453 50 50 40
v -13.225847 209.918579 13.371124 50 50 40
v -13.215477 239.454956 14.353241 50 50 40
v -13.215477 239.454956 14.353241 50 50 40
v -13.222330 221.249512 23.502975 50 50 40
v -13.222126 221.965820 24.646927 50 50 40
v -13.222330 221.249512 23.502975 50 50 40
v -12.951500 221.965942 24.638489 50 50 40
v -13.222330 221.249512 23.502975 50 50 40
v -12.951500 221.965942 24.638489 50 50 40
v -12.951704 221.250122 23.479675 50 50 40
v -12.944893 239.459717 14.207504 50 50 40
v -12.951500 221.965942 24.638489 50 50 40
v -12.944893 239.459717 14.207504 50 50 40
v -12.951477 222.189209 25.983932 50 50 40
v -12.944893 239.459717 14.207504 50 50 40
v -12.946220 238.639526 38.872665 50 50 40
v -14.512077 238.587891 40.446579 50 50 40
v -14.522341 209.358887 39.474701 50 50 40
v -14.729518 238.595215 40.225464 50 50 40
v -14.522341 209.358887 39.474701 50 50 40
v -14.522341 209.358887 39.474701 50 50 40
v -14.739781 209.366211 39.253586 50 50 40
v -14.522341 209.358887 39.474701 50 50 40
v -13.781078 208.837769 38.270294 50 50 40
v -13.510462 208.832153 38.438843 50 50 40
v -13.781078 208.837769 38.270294 50 50 40
v -13.510462 208.832153 38.438843 50 50 40
v -13.227209 209.108643 37.728928 50 50 40
v -12.956591 209.103149 37.890564 50 50 40
v -13.227209 209.108643 37.728928 50 50 40
v -12.951969 221.085815 28.420258 50 50 40
v -12.946220 238.639526 38.872665 50 50 40
v -12.956591 209.103149 37.890564 50 50 40
v -12.946220 238.639526 38.872665 50 50 40
v -12.951969 221.085815 28.420258 50 50 40
v -12.951969 221.085815 28.420258 50 50 40
v -12.951643 221.877075 27.312042 50 50 40
v -13.222593 221.087280 28.381577 50 50 40
v -12.951643 221.877075 27.312042 50 50 40
v -12.951643 221.877075 27.312042 50 50 40
v -13.222267 221.878052 27.287750 50 50 40
v -12.951477 222.189209 25.983932 50 50 40
v -13.222267 221.878052 27.287750 50 50 40
v -12.951477 222.189209 25.983932 50 50 40
v -12.951477 222.189209 25.983932 50 50 40
v -13.222103 222.189575 25.976471 50 50 40
v -13.222126 221.965820 24.646927 50 50 40
v -13.222103 222.189575 25.976471 50 50 40
v -13.222267 221.878052 27.287750 50 50 40
v -13.216839 238.645020 38.711029 50 50 40
v -13.215477 239.454956 14.353241 50 50 40
v -13.222103 222.189575 25.976471 50 50 40
v -13.222267 221.878052 27.287750 50 50 40
v -13.222593 221.087280 28.381577 50 50 40
v -13.216839 238.645020 38.711029 50 50 40
v -13.222593 221.087280 28.381577 50 50 40
v -13.227209 209.108643 37.728928 50 50 40
v -13.216839 238.645020 38.711029 50 50 40
v -14.739781 209.366211 39.253586 50 50 40
v -13.216839 238.645020 38.711029 50 50 40
v -13.227209 209.108643 37.728928 50 50 40
v -13.227209 209.108643 37.728928 50 50 40
v -13.222593 221.087280 28.381577 50 50 40
v -12.951969 221.085815 28.420258 50 50 40
v -13.510462 208.832153 38.438843 50 50 40
v -12.956591 209.103149 37.890564 50 50 40
v -14.522341 209.358887 39.474701 50 50 40
v -13.781078 208.837769 38.270294 50 50 40
v -14.739781 209.366211 39.253586 50 50 40
v -13.227209 209.108643 37.728928 50 50 40
v -14.739781 209.366211 39.253586 50 50 40
v -14.729518 238.595215 40.225464 50 50 40
v -13.216839 238.645020 38.711029 50 50 40
v -14.522341 209.358887 39.474701 50 50 40
v -12.956591 209.103149 37.890564 50 50 40
v -12.946220 238.639526 38.872665 50 50 40
v -12.951477 222.189209 25.983932 50 50 40
v -12.946220 238.639526 38.872665 50 50 40
v -12.951643 221.877075 27.312042 50 50 40
v -12.951500 221.965942 24.638489 50 50 40
v -12.951477 222.189209 25.983932 50 50 40
v -13.222126 221.965820 24.646927 50 50 40
v -13.222103 222.189575 25.976471 50 50 40
v -13.215477 239.454956 14.353241 50 50 40
v -13.222126 221.965820 24.646927 50 50 40
v -12.951704 221.250122 23.479675 50 50 40
v -13.222330 221.249512 23.502975 50 50 40
v -13.225847 209.918579 13.371124 50 50 40
v -12.955263 209.923340 13.225403 50 50 40
v -12.951704 221.250122 23.479675 50 50 40
v -13.225847 209.918579 13.371124 50 50 40
v -13.509073 209.689209 12.660248 50 50 40
v -13.779709 209.684204 12.812927 50 50 40
v -14.520843 210.283691 11.661560 50 50 40
v -12.955263 209.923340 13.225403 50 50 40
v -12.944893 239.459717 14.207504 50 50 40
v -12.951704 221.250122 23.479675 50 50 40
v -14.520843 210.283691 11.661560 50 50 40
v -14.738307 210.276855 11.866806 50 50 40
v -14.510579 239.512695 12.633453 50 50 40

f 280 281 282
f 310 311 283
f 307 312 313
f 314 309 315
f 316 299 317
f 318 319 287
f 320 321 322
f 323 324 293
f 325 326 297
f 327 328 329
f 330 298 331
f 306 332 333
f 286 334 335
f 308 336 337
f 338 339 340
f 294 341 342
f 302 343 344
f 285 345 295
f 346 300 347
f 348 289 349
f 350 351 290
f 284 352 353
f 354 355 304
f 303 356 357
f 358 359 305
f 360 361 362
f 301 363 364
f 365 292 366
f 367 291 368
f 369 370 371
f 372 296 373
f 374 375 376
f 377 378 288
f 379 380 381
f 382 383 384
f 385 386 387
f 388 389 390
f 391 392 393
f 394 395 396
f 397 398 399
f 400 401 402
f 403 404 405
f 406 407 408
f 409 410 411
f 412 413 414
f 415 416 417
f 418 419 420
f 421 422 423
f 424 425 426
f 427 428 429

usemtl Metallic_0
f 281 297 293
f 302 282 288
f 302 288 295
f 288 300 295
f 282 293 288
f 282 281 293


o Object.4
v -12.327330 209.082031 38.520172 50 50 40
v 13.936308 238.557007 41.068451 50 50 40
v 12.351122 209.073364 38.521210 50 50 40
v -2.450945 220.733521 38.908112 50 50 40
v 0.020960 221.753906 38.942169 50 50 40
v 1.358521 221.485718 38.933334 50 50 40
v -12.731865 208.801880 39.335663 50 50 40
v 13.705160 209.320923 40.313690 50 50 40
v 12.739767 208.792969 39.336731 50 50 40
v -2.428093 220.724487 39.178314 50 50 40
v 0.013109 221.744873 39.212372 50 50 40
v 12.189856 209.064331 38.791382 50 50 40
v 13.926046 209.328003 40.096558 50 50 40
v 1.334003 221.476685 39.203522 50 50 40
v -12.316959 238.618408 39.502274 50 50 40
v -12.171295 238.609375 39.772461 50 50 40
v 12.200228 238.600708 39.773499 50 50 40
v 13.715422 238.549927 41.285568 50 50 40
v -13.891891 238.566895 41.067276 50 50 40
v -13.686705 238.559570 41.284409 50 50 40
v -1.316738 221.486572 38.933228 50 50 40
v -1.307974 221.477539 39.203415 50 50 40
v -13.696968 209.330566 40.312531 50 50 40
v -12.181665 209.072998 38.790359 50 50 40
v 12.907984 208.801880 39.066071 50 50 40
v 2.453592 220.722778 39.178513 50 50 40
v 12.361494 238.609741 39.503311 50 50 40
v 2.492197 220.731689 38.908325 50 50 40
v -12.884426 208.811035 39.064987 50 50 40
v -13.902155 209.337891 40.095383 50 50 40

v -13.902155 209.337891 40.095383 50 50 40
v -12.316959 238.618408 39.502274 50 50 40
v -13.902155 209.337891 40.095383 50 50 40
v -12.327330 209.082031 38.520172 50 50 40
v -12.327330 209.082031 38.520172 50 50 40
v -12.884426 208.811035 39.064987 50 50 40
v -12.181665 209.072998 38.790359 50 50 40
v -12.884426 208.811035 39.064987 50 50 40
v -12.731865 208.801880 39.335663 50 50 40
v -12.181665 209.072998 38.790359 50 50 40
v -12.731865 208.801880 39.335663 50 50 40
v -13.696968 209.330566 40.312531 50 50 40
v -13.902155 209.337891 40.095383 50 50 40
v -13.696968 209.330566 40.312531 50 50 40
v -12.181665 209.072998 38.790359 50 50 40
v -13.696968 209.330566 40.312531 50 50 40
v -12.171295 238.609375 39.772461 50 50 40
v -13.696968 209.330566 40.312531 50 50 40
v -13.686705 238.559570 41.284409 50 50 40
v -13.891891 238.566895 41.067276 50 50 40
v -12.181665 209.072998 38.790359 50 50 40
v -12.171295 238.609375 39.772461 50 50 40
v -12.171295 238.609375 39.772461 50 50 40
v -2.428093 220.724487 39.178314 50 50 40
v -1.307974 221.477539 39.203415 50 50 40
v -2.428093 220.724487 39.178314 50 50 40
v -1.316738 221.486572 38.933228 50 50 40
v -2.428093 220.724487 39.178314 50 50 40
v 13.936308 238.557007 41.068451 50 50 40
v 13.926046 209.328003 40.096558 50 50 40
v 13.715422 238.549927 41.285568 50 50 40
v 13.926046 209.328003 40.096558 50 50 40
v 13.926046 209.328003 40.096558 50 50 40
v 13.705160 209.320923 40.313690 50 50 40
v 13.926046 209.328003 40.096558 50 50 40
v 12.739767 208.792969 39.336731 50 50 40
v 12.907984 208.801880 39.066071 50 50 40
v 12.739767 208.792969 39.336731 50 50 40
v 12.907984 208.801880 39.066071 50 50 40
v 12.189856 209.064331 38.791382 50 50 40
v 12.351122 209.073364 38.521210 50 50 40
v 12.189856 209.064331 38.791382 50 50 40
v 2.492197 220.731689 38.908325 50 50 40
v 2.453592 220.722778 39.178513 50 50 40
v 1.358521 221.485718 38.933334 50 50 40
v 1.358521 221.485718 38.933334 50 50 40
v 1.334003 221.476685 39.203522 50 50 40
v 1.334003 221.476685 39.203522 50 50 40
v 0.020960 221.753906 38.942169 50 50 40
v 0.020960 221.753906 38.942169 50 50 40
v 0.013109 221.744873 39.212372 50 50 40
v -1.307974 221.477539 39.203415 50 50 40
v 0.013109 221.744873 39.212372 50 50 40
v 1.334003 221.476685 39.203522 50 50 40
v 12.200228 238.600708 39.773499 50 50 40
v -12.171295 238.609375 39.772461 50 50 40
v 0.013109 221.744873 39.212372 50 50 40
v 1.334003 221.476685 39.203522 50 50 40
v 2.453592 220.722778 39.178513 50 50 40
v 12.200228 238.600708 39.773499 50 50 40
v 2.453592 220.722778 39.178513 50 50 40
v 12.189856 209.064331 38.791382 50 50 40
v 12.200228 238.600708 39.773499 50 50 40
v 13.705160 209.320923 40.313690 50 50 40
v 12.200228 238.600708 39.773499 50 50 40
v 12.189856 209.064331 38.791382 50 50 40
v 12.189856 209.064331 38.791382 50 50 40
v 2.453592 220.722778 39.178513 50 50 40
v 2.492197 220.731689 38.908325 50 50 40
v 12.907984 208.801880 39.066071 50 50 40
v 12.351122 209.073364 38.521210 50 50 40
v 13.926046 209.328003 40.096558 50 50 40
v 12.739767 208.792969 39.336731 50 50 40
v 13.705160 209.320923 40.313690 50 50 40
v 12.189856 209.064331 38.791382 50 50 40
v 13.705160 209.320923 40.313690 50 50 40
v 13.715422 238.549927 41.285568 50 50 40
v 12.200228 238.600708 39.773499 50 50 40
v 13.926046 209.328003 40.096558 50 50 40
v 12.351122 209.073364 38.521210 50 50 40
v 12.361494 238.609741 39.503311 50 50 40
v -1.316738 221.486572 38.933228 50 50 40
v 0.020960 221.753906 38.942169 50 50 40
v -1.307974 221.477539 39.203415 50 50 40
v 0.013109 221.744873 39.212372 50 50 40
v -12.171295 238.609375 39.772461 50 50 40
v -1.307974 221.477539 39.203415 50 50 40
v -2.450945 220.733521 38.908112 50 50 40
v -2.428093 220.724487 39.178314 50 50 40
v -12.181665 209.072998 38.790359 50 50 40
v -12.327330 209.082031 38.520172 50 50 40
v -2.450945 220.733521 38.908112 50 50 40
v -12.181665 209.072998 38.790359 50 50 40
v -12.884426 208.811035 39.064987 50 50 40
v -12.731865 208.801880 39.335663 50 50 40
v -13.902155 209.337891 40.095383 50 50 40
v -13.902155 209.337891 40.095383 50 50 40
v -13.696968 209.330566 40.312531 50 50 40
v -13.891891 238.566895 41.067276 50 50 40

f 459 448 444
f 460 461 430
f 458 462 463
f 464 453 465
f 466 436 467
f 468 469 452
f 470 471 472
f 473 474 445
f 475 476 449
f 477 478 479
f 480 439 481
f 451 482 483
f 450 484 485
f 433 486 487
f 442 456 431
f 488 447 489
f 490 437 491
f 492 493 438
f 454 494 495
f 496 497 441
f 432 498 499
f 500 501 457
f 502 455 435
f 503 443 504
f 505 506 434
f 507 440 508
f 509 510 511
f 512 513 446
f 514 515 516
f 517 518 519
f 520 521 522
f 523 524 525
f 526 527 528
f 529 530 531
f 532 533 534
f 535 536 537
f 538 539 540
f 541 542 543
f 544 545 546
f 547 548 549
f 550 551 552
f 553 554 555
f 556 557 558

usemtl Metallic_0
f 448 449 445
f 450 433 444
f 434 450 444
f 456 434 444
f 456 444 446
f 456 446 431
f 457 456 432
f 435 456 457
f 446 447 431
f 444 445 446
f 434 456 435
f 430 444 433
f 444 448 445


o Object.5
v 20.224047 99.371216 30.290710 50 50 40
v 21.893095 99.649292 21.907272 50 50 40
v 21.919889 175.958984 24.444626 50 50 40
v -8.412014 100.333008 1.667328 50 50 40
v -15.523147 100.177612 6.415741 50 50 40
v -15.496352 176.487305 8.953094 50 50 40
v -8.414194 98.987061 42.145203 50 50 40
v -0.026466 98.928711 43.812714 50 50 40
v 0.000330 175.238403 46.350586 50 50 40
v 15.472582 99.136597 37.397491 50 50 40
v 20.250841 175.680908 32.828079 50 50 40
v -0.024107 100.385620 0.000000 50 50 40
v -8.385218 176.642700 4.204697 50 50 40
v -15.524815 99.147461 37.396179 50 50 40
v -8.387398 175.296753 44.682556 50 50 40
v 8.361448 98.981079 42.145905 50 50 40
v 15.499376 175.446289 39.934845 50 50 40
v 8.363626 100.327026 1.668045 50 50 40
v 0.002689 176.695313 2.537354 50 50 40
v -20.275764 99.385498 30.289017 50 50 40
v -15.498020 175.457153 39.933533 50 50 40
v 8.388243 175.290771 44.683258 50 50 40
v 15.474249 100.166748 6.417053 50 50 40
v 8.390421 176.636719 4.205399 50 50 40
v -21.943760 99.664795 21.905426 50 50 40
v -20.248970 175.695190 32.826370 50 50 40
v 20.224951 99.928711 13.524200 50 50 40
v 15.501043 176.476440 8.954407 50 50 40
v -20.274860 99.942993 13.522507 50 50 40
v 20.251745 176.238403 16.061569 50 50 40
v -20.248066 176.252686 16.059860 50 50 40
v -0.028952 91.698486 42.303284 50 50 40
v 7.873453 91.747925 40.732620 50 50 40
v 14.574553 92.864624 7.071991 50 50 40
v 7.875509 93.015869 2.597641 50 50 40
v -19.106207 92.128784 29.561905 50 50 40
v 19.050283 92.640503 13.767670 50 50 40
v -19.105356 92.654053 13.766068 50 50 40
v -20.677654 92.391846 21.663666 50 50 40
v 20.621729 92.377319 21.665405 50 50 40
v -14.628654 92.875000 7.070770 50 50 40
v 19.049433 92.115234 29.563507 50 50 40
v -7.929180 93.021362 2.596970 50 50 40
v -7.931234 91.753418 40.731949 50 50 40
v 14.572981 91.894165 36.258820 50 50 40
v -0.026728 93.070923 1.026306 50 50 40
v -14.630226 91.904541 36.257599 50 50 40
v -13.471304 86.494385 34.916443 50 50 40
v -7.304813 86.355347 39.034821 50 50 40
v 7.243425 86.350220 39.035446 50 50 40
v 13.410357 86.484985 34.917587 50 50 40
v 7.245314 87.517456 3.931946 50 50 40
v -0.028730 87.568115 2.485535 50 50 40
v -17.591419 86.700806 28.752716 50 50 40
v -0.030777 86.304810 40.481232 50 50 40
v 13.411802 87.378296 8.050827 50 50 40
v -19.037954 86.942993 21.482574 50 50 40
v 17.531923 87.171997 14.214066 50 50 40
v -17.590637 87.184326 14.212585 50 50 40
v 18.978502 86.929688 21.484177 50 50 40
v -13.469856 87.387695 8.049683 50 50 40
v 17.531141 86.688477 28.754196 50 50 40
v -7.302923 87.522583 3.931335 50 50 40
v -5.006731 77.134888 9.142502 50 50 40
v -9.223608 77.042725 11.958160 50 50 40
v -11.585857 81.910889 9.754578 50 50 40
v -6.285879 81.023315 36.392029 50 50 40
v -5.008024 76.336670 33.145859 50 50 40
v -0.034035 76.302124 34.134583 50 50 40
v 11.522554 81.134766 32.852692 50 50 40
v 11.974733 76.564453 26.115952 50 50 40
v -0.032635 77.166016 8.153717 50 50 40
v -6.284254 82.026733 6.214722 50 50 40
v 4.940016 76.333130 33.146286 50 50 40
v 6.222574 82.022217 6.215240 50 50 40
v -11.587101 81.142944 32.851715 50 50 40
v -0.032532 80.979858 37.635620 50 50 40
v 11.523798 81.902710 9.755554 50 50 40
v -13.031071 76.738525 21.143585 50 50 40
v -15.128437 81.735962 15.052933 50 50 40
v -12.041401 76.903564 16.172333 50 50 40
v 16.309374 81.516968 21.304062 50 50 40
v 9.127378 72.784668 21.013306 81 77 24
v 8.430120 72.901489 17.509399 81 77 24
v 11.975271 76.895142 16.173340 50 50 40
v -6.512976 73.005493 14.537766 50 50 40
v -8.499229 72.907471 17.508682 50 50 40
v 8.429743 72.668457 24.517700 81 77 24
v -3.540445 73.070557 12.552948 50 50 40
v -3.541357 72.507935 29.473114 81 77 24
v -0.035213 72.483521 30.170288 81 77 24
v 6.443491 72.570435 27.488113 81 77 24
v -0.034227 73.092529 11.856079 50 50 40
v -6.513674 72.574951 27.487564 81 77 24
v 3.471010 72.505371 29.473419 81 77 24
v 9.156942 76.425293 30.330139 50 50 40
v 4.941309 77.131348 9.142929 50 50 40
v 3.471922 73.067993 12.553253 50 50 40
v -12.041937 76.572876 26.114944 50 50 40
v -8.499607 72.674438 24.516983 81 77 24
v 9.157930 77.036133 11.958923 50 50 40
v 6.444189 73.000977 14.538315 81 77 24
v -9.196817 72.791138 21.012543 50 50 40
v -4.004580 69.343994 19.253494 50 50 40
v 4.259741 69.286377 20.896729 81 77 24
v 3.932684 69.231934 22.540115 81 77 24
v -1.679628 69.420410 16.930069 50 50 40
v -0.036180 69.145264 25.190170 81 77 24
v 1.608162 69.419312 16.930206 50 50 40
v -4.004757 69.234741 22.539780 81 77 24
v -3.074530 65.974243 17.746933 50 50 40
v -1.680056 69.156616 24.863419 50 50 40
v 3.001390 69.185913 23.932617 81 77 24
v 3.000193 65.770264 23.819046 81 77 24
v -3.073660 69.187988 23.932358 81 77 24
v -3.074858 65.772339 23.818787 50 50 40
v 1.607735 69.155518 24.863556 81 77 24
v 1.606537 65.739868 24.749985 81 77 24
v 1.606964 66.003662 16.816635 50 50 40
v -0.036917 66.015137 16.489868 50 50 40
v 3.001715 69.387817 17.860764 50 50 40
v 3.932863 69.341187 19.253830 50 50 40
v -4.005777 65.928345 19.139923 50 50 40
v -3.073332 69.389893 17.860504 50 50 40
v 4.258543 65.870728 20.783157 50 50 40
v 3.931486 65.816284 22.426544 50 50 40
v 1.378599 65.852295 21.369507 0 0 0
v -1.680826 66.004761 16.816498 50 50 40
v -1.681253 65.740967 24.749847 81 77 24
v -0.623661 65.825439 22.198318 81 77 24
v -0.037230 65.821411 22.314835 0 0 0
v -1.120800 65.836670 21.866135 81 77 24
v 0.549217 65.825073 22.198364 0 0 0
v 0.549370 65.919189 19.368179 0 0 0
v -1.452955 65.853394 21.369385 0 0 0
v -0.037378 65.729614 25.076599 81 77 24
v 3.000517 65.972168 17.747192 50 50 40
v 1.046507 65.907837 19.700333 0 0 0
v -4.332888 65.873779 20.782806 50 50 40
v 3.931665 65.925537 19.140259 50 50 40
v -1.121422 64.066895 21.807297 0 0 0
v 0.548595 64.055298 22.139526 0 0 0
v 1.045769 64.066040 21.807388 0 0 0
v -0.037687 64.153564 19.192795 0 0 0
v -1.453577 64.083618 21.310547 0 0 0
v 1.045885 64.138062 19.641495 0 0 0
v 1.378662 65.891235 20.197083 0 0 0
v -1.452892 65.892334 20.196960 0 0 0
v -1.453514 64.122559 20.138123 0 0 0
v 1.495247 65.871704 20.783051 0 0 0
v -1.120684 65.908691 19.700241 0 0 0
v 1.377977 64.082520 21.310669 0 0 0
v 1.494625 64.101929 20.724197 0 0 0
v -0.623508 65.919556 19.368134 0 0 0
v -0.624130 64.149780 19.309280 0 0 0
v 1.046391 65.835815 21.866226 0 0 0
v -0.037066 65.923340 19.251633 0 0 0
v -0.624283 64.055664 22.139465 0 0 0
v -1.570208 64.103027 20.724060 0 0 0
v -1.121305 64.138916 19.641403 0 0 0
v -0.037851 64.051636 22.255997 0 0 0
v 1.378040 64.121460 20.138245 0 0 0
v 0.548748 64.149414 19.309326 0 0 0
v 15.065134 81.309692 27.554352 50 50 40
v -0.030773 82.065918 4.971649 50 50 40
v 6.220949 81.018799 36.392548 50 50 40
v -15.129110 81.320313 27.553070 50 50 40
v 15.065809 81.725342 15.054199 50 50 40
v -16.372681 81.528564 21.302689 50 50 40
v 8.309698 176.759644 44.541016 50 50 40
v 0.000854 176.707764 46.192474 50 50 40
v 8.311857 178.092896 4.444885 50 50 40
v -21.916965 175.974487 24.442780 50 50 40
v -20.057533 177.160034 32.795685 50 50 40
v 15.355421 177.933960 9.148773 50 50 40
v -21.709812 177.436768 24.491425 50 50 40
v 20.061781 177.698242 16.189011 50 50 40
v -20.056641 177.712280 16.187317 50 50 40
v -15.349720 177.944824 9.147476 50 50 40
v 21.714056 177.421509 24.493256 50 50 40
v 20.060884 177.145996 32.797379 50 50 40
v -8.305651 178.098755 4.444183 50 50 40
v 15.353769 176.913574 39.837219 50 50 40
v 0.003193 178.150757 2.792725 50 50 40
v -8.307810 176.765503 44.540314 50 50 40
v -15.351373 176.924438 39.835922 50 50 40
v 4.653059 197.548950 36.380737 50 50 40
v -8.946222 198.164307 16.220795 50 50 40
v 12.674757 197.859131 25.172333 50 50 40
v 11.274260 198.014771 20.508850 50 50 40
v -12.183752 197.867920 25.171280 50 50 40
v 11.710913 198.020630 20.328415 50 50 40
v 8.631353 198.147217 16.555191 50 50 40
v -11.255859 197.712524 29.834778 50 50 40
v 8.965586 198.158081 16.221558 50 50 40
v 4.675821 198.236328 13.913696 50 50 40
v 4.856745 198.250854 13.476959 50 50 40
v -4.838343 197.476563 36.866669 50 50 40
v 0.008543 197.458496 37.358154 50 50 40
v -12.656404 197.868042 25.171265 50 50 40
v 12.677603 205.959595 25.441681 50 50 40
v -11.692038 198.028809 20.327423 50 50 40
v -8.943378 206.264771 16.490143 50 50 40
v 11.713236 205.798950 30.286057 50 50 40
v -4.837084 198.254272 13.476563 50 50 40
v -4.835499 205.577026 37.136002 50 50 40
v 11.710390 197.698486 30.016708 50 50 40
v 8.967466 205.663330 34.392654 50 50 40
v -4.834240 206.354736 13.745895 50 50 40
v -8.944344 205.669556 34.391907 50 50 40
v 4.858328 205.573608 37.136414 50 50 40
v 4.859591 206.351318 13.746307 50 50 40
v -8.947187 197.569092 34.122559 50 50 40
v -11.689716 205.807129 30.285065 50 50 40
v 4.855482 197.473145 36.867065 50 50 40
v -11.692560 197.706665 30.015717 50 50 40
v 3.426271 205.688965 33.680542 50 50 40
v 0.011562 205.667603 34.359558 50 50 40
v 8.968431 206.258545 16.490891 50 50 40
v 3.427160 206.236938 17.202057 50 50 40
v -12.653561 205.968506 25.440613 50 50 40
v -8.231867 205.853516 28.854004 50 50 40
v 11.713758 206.121094 20.597763 50 50 40
v 6.321848 206.171509 19.135574 50 50 40
v -11.689194 206.129272 20.596771 50 50 40
v 8.934965 205.960938 25.441513 50 50 40
v 8.255587 205.847778 28.854691 50 50 40
v -3.402182 206.239258 17.201767 50 50 40
v 0.011360 205.543213 38.099915 50 50 40
v 6.321169 205.752197 31.747757 50 50 40
v 0.012724 206.385010 12.782867 50 50 40
v 0.012524 206.260742 16.523254 50 50 40
v 6.321836 207.655884 31.811066 50 50 40
v 3.426939 207.592651 33.743835 50 50 40
v -6.297760 205.756714 31.747223 50 50 40
v -8.231199 207.757202 28.917297 50 50 40
v -8.910257 207.870850 25.504059 50 50 40
v 8.256624 207.978394 22.092117 50 50 40
v 8.255957 206.074707 22.028809 50 50 40
v -8.231499 206.080444 22.028122 50 50 40
v -6.296413 208.079712 19.198349 50 50 40
v 8.935633 207.864624 25.504822 50 50 40
v -6.297081 206.176025 19.135040 50 50 40
v 0.012230 207.571289 34.422867 50 50 40
v -3.402401 207.594971 33.743561 50 50 40
v 0.013191 208.164429 16.586548 50 50 40
v -3.403069 205.691284 33.680252 50 50 40
v 8.256254 207.751465 28.917999 50 50 40
v 1.533564 207.816650 27.024948 50 50 40
v -3.401514 208.142944 17.265076 50 50 40
v -0.810318 207.934082 23.518494 50 50 40
v 0.012825 207.939331 23.354919 50 50 40
v -6.297092 207.660400 31.810532 50 50 40
v 0.835743 207.801392 27.490936 50 50 40
v 3.427828 208.140625 17.265350 50 50 40
v -1.508350 207.817749 27.024826 50 50 40
v 6.322515 208.075195 19.198883 50 50 40
v 0.835957 207.933472 23.518555 50 50 40
v -2.138260 207.868530 25.504349 50 50 40
v 1.533728 207.917725 23.984573 50 50 40
v 1.999990 207.894409 24.682098 50 50 40
v 2.163679 207.866943 25.504532 50 50 40
v -8.230831 207.984131 22.091415 50 50 40
v -1.508186 207.918823 23.984451 50 50 40
v -1.507687 209.341553 24.031754 50 50 40
v -0.810032 209.224731 27.538177 50 50 40
v 1.999903 207.839722 26.327454 50 50 40
v 1.534063 209.239380 27.072266 50 50 40
v -0.810532 207.802002 27.490875 50 50 40
v 0.836243 209.224121 27.538239 50 50 40
v -1.974569 207.841064 26.327301 50 50 40
v -1.973982 209.318481 24.729248 50 50 40
v 2.164179 209.289673 25.551834 50 50 40
v -1.974482 207.895752 24.681946 50 50 40
v -2.137760 209.291260 25.551666 50 50 40
v -0.935766 209.290771 25.551712 50 50 40
v 2.000490 209.317139 24.729416 50 50 40
v 0.889938 209.302246 25.188934 50 50 40
v -0.863476 209.302856 25.188858 50 50 40
v 2.000402 209.262451 26.374771 50 50 40
v 0.013094 209.219116 27.701782 50 50 40
v -0.349968 209.261597 26.428223 50 50 40
v 0.889900 209.278076 25.915192 50 50 40
v 0.013325 209.362061 23.402222 50 50 40
v -0.809818 209.356812 23.565796 50 50 40
v -1.507851 209.240479 27.072128 50 50 40
v 0.013262 209.322144 24.603394 50 50 40
v -0.657833 209.268433 26.222473 50 50 40
v 1.534227 209.340454 24.031891 50 50 40
v 0.836456 209.356201 23.565857 50 50 40
v -1.974070 209.263794 26.374603 50 50 40
v 0.684258 209.312622 24.881042 50 50 40
v 0.376392 209.319458 24.675797 50 50 40
v 0.691521 229.994995 25.569260 50 50 40
v -0.863514 209.278687 25.915115 50 50 40
v -0.856251 229.961060 26.602814 50 50 40
v 0.897202 229.984619 25.876633 50 50 40
v 0.897163 229.960449 26.602890 50 50 40
v -0.657761 209.312988 24.880981 50 50 40
v 0.013159 209.259033 26.500122 50 50 40
v 0.691448 229.950439 26.910248 50 50 40
v -0.349873 209.319824 24.675766 50 50 40
v 0.684185 209.268066 26.222534 50 50 40
v 0.376297 209.261230 26.428253 50 50 40
v 0.020422 229.941406 27.188324 50 50 40
v 0.383560 229.943604 27.115967 50 50 40
v 1.039703 229.890747 28.699387 50 50 40
v -0.650570 229.950806 26.910187 50 50 40
v -1.863195 229.911011 28.122223 50 50 40
v 0.383656 230.001831 25.363510 50 50 40
v 0.020525 230.004517 25.291107 50 50 40
v 1.903944 229.909668 28.122375 50 50 40
v -0.342705 229.943970 27.115936 50 50 40
v -0.999069 229.891357 28.699295 50 50 40
v -0.342609 230.002197 25.363480 50 50 40
v 2.481401 229.938110 27.258820 50 50 40
v -0.650497 229.995361 25.569199 50 50 40
v -1.862993 230.036133 24.357056 50 50 40
v 0.969404 229.972534 26.239502 50 50 40
v 2.684225 229.971924 26.239563 50 50 40
v -0.856213 229.985229 25.876556 50 50 40
v -2.440500 230.007690 25.220612 50 50 40
v -0.928503 229.973145 26.239410 50 50 40
v 12.202101 197.859253 25.172302 50 50 40
v -11.255358 198.022705 20.507904 50 50 40
v -8.612076 198.153198 16.554459 50 50 40
v -4.656208 198.239624 13.913300 50 50 40
v 0.009855 198.268921 12.985962 50 50 40
v -4.657421 197.490967 36.430420 50 50 40
v -8.613005 197.580078 33.788437 50 50 40
v 11.221647 197.764893 29.816376 50 50 40
v 8.964621 197.562866 34.123322 50 50 40
v 8.590521 197.635010 33.751480 50 50 40
v -2.439796 232.260010 27.335754 50 50 40
v -2.642511 232.293823 26.316483 50 50 40
v 1.904963 232.354858 24.434357 50 50 40
v 0.021145 232.204468 28.979248 50 50 40
v -1.862381 232.231079 28.199371 50 50 40
v 0.020617 230.061523 23.577332 50 50 40
v -0.998804 230.054932 23.780045 50 50 40
v 0.021431 232.381592 23.654480 50 50 40
v 2.482218 232.258179 27.335953 50 50 40
v -1.862179 232.356201 24.434204 50 50 40
v -2.439686 232.327759 25.297760 50 50 40
v 2.481512 230.005859 25.220825 50 50 40
v 2.482328 232.325928 25.297958 50 50 40
v 1.039968 230.054321 23.780136 50 50 40
v -2.440611 229.939941 27.258606 50 50 40
v -0.998255 232.211426 28.776443 50 50 40
v 1.904760 232.229736 28.199524 50 50 40
v 1.040783 232.374390 23.857269 50 50 40
v 2.685041 232.291992 26.316711 50 50 40
v 1.040518 232.210815 28.776520 50 50 40
v -0.997990 232.375000 23.857193 50 50 40
v 1.904146 230.034790 24.357208 50 50 40
v -2.643326 229.973755 26.239349 50 50 40
v 12.964407 76.729370 21.144684 50 50 40
v -9.224598 76.431763 30.329376 50 50 40
v -0.035719 69.430786 16.603439 50 50 40
v -4.331690 69.289429 20.896362 50 50 40
v -4.005955 65.819092 22.426208 50 50 40
v -1.569586 65.872803 20.782913 0 0 0
v 0.009880 198.284546 12.513535 50 50 40
v 0.008516 197.442749 37.830582 50 50 40
v -8.910925 205.967163 25.440765 50 50 40
v 0.012594 207.796387 27.654480 50 50 40
v 0.962141 209.290161 25.551788 50 50 40
v 0.020330 229.884399 28.902100 50 50 40

v 8.311857 178.092896 4.444885 50 50 40
v 0.009855 198.268921 12.985962 50 50 40
v 0.003193 178.150757 2.792725 50 50 40
v 0.009855 198.268921 12.985962 50 50 40
v -8.305651 178.098755 4.444183 50 50 40
v 0.009855 198.268921 12.985962 50 50 40
v -8.305651 178.098755 4.444183 50 50 40
v -4.656208 198.239624 13.913300 50 50 40
v -15.349720 177.944824 9.147476 50 50 40
v -4.656208 198.239624 13.913300 50 50 40
v 0.009880 198.284546 12.513535 50 50 40
v 0.012724 206.385010 12.782867 50 50 40
v 4.859591 206.351318 13.746307 50 50 40
v 0.012724 206.385010 12.782867 50 50 40
v 4.859591 206.351318 13.746307 50 50 40
v 3.427160 206.236938 17.202057 50 50 40
v 8.968431 206.258545 16.490891 50 50 40
v 3.427160 206.236938 17.202057 50 50 40
v 6.321848 206.171509 19.135574 50 50 40
v 3.427160 206.236938 17.202057 50 50 40
v 6.321848 206.171509 19.135574 50 50 40
v 6.322515 208.075195 19.198883 50 50 40
v 6.321848 206.171509 19.135574 50 50 40
v 8.256624 207.978394 22.092117 50 50 40
v 8.255957 206.074707 22.028809 50 50 40
v 8.256624 207.978394 22.092117 50 50 40
v 8.255957 206.074707 22.028809 50 50 40
v 8.935633 207.864624 25.504822 50 50 40
v 8.934965 205.960938 25.441513 50 50 40
v 8.935633 207.864624 25.504822 50 50 40
v 8.934965 205.960938 25.441513 50 50 40
v 8.256254 207.751465 28.917999 50 50 40
v 8.255587 205.847778 28.854691 50 50 40
v 8.256254 207.751465 28.917999 50 50 40
v 8.255587 205.847778 28.854691 50 50 40
v 6.321836 207.655884 31.811066 50 50 40
v 6.321169 205.752197 31.747757 50 50 40
v 6.321836 207.655884 31.811066 50 50 40
v 6.321169 205.752197 31.747757 50 50 40
v 3.426939 207.592651 33.743835 50 50 40
v 3.426271 205.688965 33.680542 50 50 40
v 3.426939 207.592651 33.743835 50 50 40
v 3.426271 205.688965 33.680542 50 50 40
v 0.012230 207.571289 34.422867 50 50 40
v 0.011562 205.667603 34.359558 50 50 40
v 0.012230 207.571289 34.422867 50 50 40
v 0.011562 205.667603 34.359558 50 50 40
v -3.402401 207.594971 33.743561 50 50 40
v -3.403069 205.691284 33.680252 50 50 40
v -3.402401 207.594971 33.743561 50 50 40
v -3.403069 205.691284 33.680252 50 50 40
v -6.297092 207.660400 31.810532 50 50 40
v -6.297760 205.756714 31.747223 50 50 40
v -6.297092 207.660400 31.810532 50 50 40
v -6.297760 205.756714 31.747223 50 50 40
v -8.231199 207.757202 28.917297 50 50 40
v -8.231867 205.853516 28.854004 50 50 40
v -8.231199 207.757202 28.917297 50 50 40
v -8.231867 205.853516 28.854004 50 50 40
v -8.910257 207.870850 25.504059 50 50 40
v -8.910925 205.967163 25.440765 50 50 40
v -8.910257 207.870850 25.504059 50 50 40
v -8.910925 205.967163 25.440765 50 50 40
v -8.230831 207.984131 22.091415 50 50 40
v -8.231499 206.080444 22.028122 50 50 40
v -8.230831 207.984131 22.091415 50 50 40
v -8.231499 206.080444 22.028122 50 50 40
v -6.296413 208.079712 19.198349 50 50 40
v -6.297081 206.176025 19.135040 50 50 40
v -6.296413 208.079712 19.198349 50 50 40
v -3.402182 206.239258 17.201767 50 50 40
v -6.296413 208.079712 19.198349 50 50 40
v -3.401514 208.142944 17.265076 50 50 40
v -6.296413 208.079712 19.198349 50 50 40
v -3.401514 208.142944 17.265076 50 50 40
v -0.810318 207.934082 23.518494 50 50 40
v -3.401514 208.142944 17.265076 50 50 40
v 0.012825 207.939331 23.354919 50 50 40
v 0.013191 208.164429 16.586548 50 50 40
v 0.012825 207.939331 23.354919 50 50 40
v 3.427828 208.140625 17.265350 50 50 40
v 0.012825 207.939331 23.354919 50 50 40
v 0.835957 207.933472 23.518555 50 50 40
v 0.012825 207.939331 23.354919 50 50 40
v 0.835957 207.933472 23.518555 50 50 40
v 0.836456 209.356201 23.565857 50 50 40
v 0.835957 207.933472 23.518555 50 50 40
v 1.534227 209.340454 24.031891 50 50 40
v 1.533728 207.917725 23.984573 50 50 40
v 1.534227 209.340454 24.031891 50 50 40
v 1.533728 207.917725 23.984573 50 50 40
v 2.000490 209.317139 24.729416 50 50 40
v 1.999990 207.894409 24.682098 50 50 40
v 2.000490 209.317139 24.729416 50 50 40
v 1.999990 207.894409 24.682098 50 50 40
v 2.164179 209.289673 25.551834 50 50 40
v 2.163679 207.866943 25.504532 50 50 40
v 2.164179 209.289673 25.551834 50 50 40
v 2.163679 207.866943 25.504532 50 50 40
v 2.000402 209.262451 26.374771 50 50 40
v 1.999903 207.839722 26.327454 50 50 40
v 2.000402 209.262451 26.374771 50 50 40
v 1.999903 207.839722 26.327454 50 50 40
v 1.534063 209.239380 27.072266 50 50 40
v 1.533564 207.816650 27.024948 50 50 40
v 1.534063 209.239380 27.072266 50 50 40
v 1.533564 207.816650 27.024948 50 50 40
v 0.836243 209.224121 27.538239 50 50 40
v 0.835743 207.801392 27.490936 50 50 40
v 0.836243 209.224121 27.538239 50 50 40
v 0.835743 207.801392 27.490936 50 50 40
v 0.013094 209.219116 27.701782 50 50 40
v 0.012594 207.796387 27.654480 50 50 40
v 0.013094 209.219116 27.701782 50 50 40
v 0.012594 207.796387 27.654480 50 50 40
v -0.810032 209.224731 27.538177 50 50 40
v -0.810532 207.802002 27.490875 50 50 40
v -0.810032 209.224731 27.538177 50 50 40
v -0.810532 207.802002 27.490875 50 50 40
v -1.507851 209.240479 27.072128 50 50 40
v -1.508350 207.817749 27.024826 50 50 40
v -1.507851 209.240479 27.072128 50 50 40
v -1.508350 207.817749 27.024826 50 50 40
v -1.974070 209.263794 26.374603 50 50 40
v -2.138260 207.868530 25.504349 50 50 40
v -1.973982 209.318481 24.729248 50 50 40
v -1.974482 207.895752 24.681946 50 50 40
v -1.973982 209.318481 24.729248 50 50 40
v -1.974482 207.895752 24.681946 50 50 40
v -1.507687 209.341553 24.031754 50 50 40
v -1.508186 207.918823 23.984451 50 50 40
v -1.507687 209.341553 24.031754 50 50 40
v -0.810318 207.934082 23.518494 50 50 40
v -1.508186 207.918823 23.984451 50 50 40
v -0.809818 209.356812 23.565796 50 50 40
v -0.810318 207.934082 23.518494 50 50 40
v -0.809818 209.356812 23.565796 50 50 40
v 0.013325 209.362061 23.402222 50 50 40
v -0.809818 209.356812 23.565796 50 50 40
v 0.013325 209.362061 23.402222 50 50 40
v -0.349873 209.319824 24.675766 50 50 40
v 0.013262 209.322144 24.603394 50 50 40
v -0.349873 209.319824 24.675766 50 50 40
v 0.013262 209.322144 24.603394 50 50 40
v 0.020525 230.004517 25.291107 50 50 40
v 0.013262 209.322144 24.603394 50 50 40
v 0.383656 230.001831 25.363510 50 50 40
v 0.376392 209.319458 24.675797 50 50 40
v 0.383656 230.001831 25.363510 50 50 40
v 0.376392 209.319458 24.675797 50 50 40
v 0.691521 229.994995 25.569260 50 50 40
v 0.684258 209.312622 24.881042 50 50 40
v 0.691521 229.994995 25.569260 50 50 40
v 0.684258 209.312622 24.881042 50 50 40
v 0.897202 229.984619 25.876633 50 50 40
v 0.889938 209.302246 25.188934 50 50 40
v 0.897202 229.984619 25.876633 50 50 40
v 0.889938 209.302246 25.188934 50 50 40
v 0.969404 229.972534 26.239502 50 50 40
v 0.962141 209.290161 25.551788 50 50 40
v 0.969404 229.972534 26.239502 50 50 40
v 0.962141 209.290161 25.551788 50 50 40
v 0.897163 229.960449 26.602890 50 50 40
v 0.889900 209.278076 25.915192 50 50 40
v 0.897163 229.960449 26.602890 50 50 40
v 0.889900 209.278076 25.915192 50 50 40
v 0.691448 229.950439 26.910248 50 50 40
v 0.684185 209.268066 26.222534 50 50 40
v 0.691448 229.950439 26.910248 50 50 40
v 0.684185 209.268066 26.222534 50 50 40
v 0.383560 229.943604 27.115967 50 50 40
v 0.376297 209.261230 26.428253 50 50 40
v 0.383560 229.943604 27.115967 50 50 40
v 0.376297 209.261230 26.428253 50 50 40
v 0.020422 229.941406 27.188324 50 50 40
v 0.013159 209.259033 26.500122 50 50 40
v 0.020422 229.941406 27.188324 50 50 40
v 0.013159 209.259033 26.500122 50 50 40
v -0.342705 229.943970 27.115936 50 50 40
v -0.349968 209.261597 26.428223 50 50 40
v -0.342705 229.943970 27.115936 50 50 40
v -0.349968 209.261597 26.428223 50 50 40
v -0.650570 229.950806 26.910187 50 50 40
v -0.657833 209.268433 26.222473 50 50 40
v -0.650570 229.950806 26.910187 50 50 40
v -0.657833 209.268433 26.222473 50 50 40
v -0.856251 229.961060 26.602814 50 50 40
v -0.935766 209.290771 25.551712 50 50 40
v -0.856213 229.985229 25.876556 50 50 40
v -0.863476 209.302856 25.188858 50 50 40
v -0.856213 229.985229 25.876556 50 50 40
v -0.863476 209.302856 25.188858 50 50 40
v -0.650497 229.995361 25.569199 50 50 40
v -0.657761 209.312988 24.880981 50 50 40
v -0.650497 229.995361 25.569199 50 50 40
v -0.349873 209.319824 24.675766 50 50 40
v -0.657761 209.312988 24.880981 50 50 40
v -0.342609 230.002197 25.363480 50 50 40
v -1.507687 209.341553 24.031754 50 50 40
v -0.657761 209.312988 24.880981 50 50 40
v -0.349873 209.319824 24.675766 50 50 40
v -0.998804 230.054932 23.780045 50 50 40
v -0.997990 232.375000 23.857193 50 50 40
v -0.998804 230.054932 23.780045 50 50 40
v 0.021431 232.381592 23.654480 50 50 40
v 0.020617 230.061523 23.577332 50 50 40
v 0.021431 232.381592 23.654480 50 50 40
v 0.020617 230.061523 23.577332 50 50 40
v 1.040783 232.374390 23.857269 50 50 40
v 1.039968 230.054321 23.780136 50 50 40
v 1.040783 232.374390 23.857269 50 50 40
v 1.039968 230.054321 23.780136 50 50 40
v 1.904963 232.354858 24.434357 50 50 40
v 1.904146 230.034790 24.357208 50 50 40
v 1.904963 232.354858 24.434357 50 50 40
v 1.904146 230.034790 24.357208 50 50 40
v 2.482328 232.325928 25.297958 50 50 40
v 2.481512 230.005859 25.220825 50 50 40
v 2.482328 232.325928 25.297958 50 50 40
v 2.481512 230.005859 25.220825 50 50 40
v 2.685041 232.291992 26.316711 50 50 40
v 2.684225 229.971924 26.239563 50 50 40
v 2.685041 232.291992 26.316711 50 50 40
v 2.684225 229.971924 26.239563 50 50 40
v 2.482218 232.258179 27.335953 50 50 40
v 2.481401 229.938110 27.258820 50 50 40
v 2.482218 232.258179 27.335953 50 50 40
v 2.481401 229.938110 27.258820 50 50 40
v 1.904760 232.229736 28.199524 50 50 40
v 1.903944 229.909668 28.122375 50 50 40
v 1.904760 232.229736 28.199524 50 50 40
v 1.903944 229.909668 28.122375 50 50 40
v 1.040518 232.210815 28.776520 50 50 40
v 1.039703 229.890747 28.699387 50 50 40
v 1.040518 232.210815 28.776520 50 50 40
v 1.039703 229.890747 28.699387 50 50 40
v 0.021145 232.204468 28.979248 50 50 40
v 0.020330 229.884399 28.902100 50 50 40
v 0.021145 232.204468 28.979248 50 50 40
v 0.020330 229.884399 28.902100 50 50 40
v -0.998255 232.211426 28.776443 50 50 40
v -0.999069 229.891357 28.699295 50 50 40
v -0.998255 232.211426 28.776443 50 50 40
v -0.999069 229.891357 28.699295 50 50 40
v -1.862381 232.231079 28.199371 50 50 40
v -1.863195 229.911011 28.122223 50 50 40
v -1.862381 232.231079 28.199371 50 50 40
v -1.863195 229.911011 28.122223 50 50 40
v -2.439796 232.260010 27.335754 50 50 40
v -2.440611 229.939941 27.258606 50 50 40
v -2.439796 232.260010 27.335754 50 50 40
v -2.440611 229.939941 27.258606 50 50 40
v -2.642511 232.293823 26.316483 50 50 40
v -1.862993 230.036133 24.357056 50 50 40
v -2.440500 230.007690 25.220612 50 50 40
v -1.862179 232.356201 24.434204 50 50 40
v -2.439686 232.327759 25.297760 50 50 40
v -2.642511 232.293823 26.316483 50 50 40
v -1.862179 232.356201 24.434204 50 50 40
v -2.642511 232.293823 26.316483 50 50 40
v 2.685041 232.291992 26.316711 50 50 40
v -1.862179 232.356201 24.434204 50 50 40
v 1.904963 232.354858 24.434357 50 50 40
v -1.862179 232.356201 24.434204 50 50 40
v 2.685041 232.291992 26.316711 50 50 40
v 2.685041 232.291992 26.316711 50 50 40
v -2.642511 232.293823 26.316483 50 50 40
v -0.998255 232.211426 28.776443 50 50 40
v -2.642511 232.293823 26.316483 50 50 40
v -2.439796 232.260010 27.335754 50 50 40
v -0.998255 232.211426 28.776443 50 50 40
v -1.862381 232.231079 28.199371 50 50 40
v -0.998255 232.211426 28.776443 50 50 40
v -2.439796 232.260010 27.335754 50 50 40
v -0.998255 232.211426 28.776443 50 50 40
v 0.021145 232.204468 28.979248 50 50 40
v 1.904760 232.229736 28.199524 50 50 40
v 0.021145 232.204468 28.979248 50 50 40
v 1.040518 232.210815 28.776520 50 50 40
v 1.904760 232.229736 28.199524 50 50 40
v 1.904760 232.229736 28.199524 50 50 40
v 2.482218 232.258179 27.335953 50 50 40
v -0.998255 232.211426 28.776443 50 50 40
v 2.482218 232.258179 27.335953 50 50 40
v 2.685041 232.291992 26.316711 50 50 40
v -0.998255 232.211426 28.776443 50 50 40
v 2.482328 232.325928 25.297958 50 50 40
v 1.904963 232.354858 24.434357 50 50 40
v 2.685041 232.291992 26.316711 50 50 40
v -1.862179 232.356201 24.434204 50 50 40
v 1.904963 232.354858 24.434357 50 50 40
v 1.040783 232.374390 23.857269 50 50 40
v -0.997990 232.375000 23.857193 50 50 40
v -1.862179 232.356201 24.434204 50 50 40
v 1.040783 232.374390 23.857269 50 50 40
v 0.021431 232.381592 23.654480 50 50 40
v -0.997990 232.375000 23.857193 50 50 40
v 1.040783 232.374390 23.857269 50 50 40
v -1.862993 230.036133 24.357056 50 50 40
v -1.862179 232.356201 24.434204 50 50 40
v -0.997990 232.375000 23.857193 50 50 40
v -0.657761 209.312988 24.880981 50 50 40
v -1.507687 209.341553 24.031754 50 50 40
v -0.863476 209.302856 25.188858 50 50 40
v -0.863476 209.302856 25.188858 50 50 40
v -1.973982 209.318481 24.729248 50 50 40
v -0.935766 209.290771 25.551712 50 50 40
v -1.974070 209.263794 26.374603 50 50 40
v -0.863514 209.278687 25.915115 50 50 40
v -0.935766 209.290771 25.551712 50 50 40
v -1.507851 209.240479 27.072128 50 50 40
v -0.657833 209.268433 26.222473 50 50 40
v -0.863514 209.278687 25.915115 50 50 40
v -0.657833 209.268433 26.222473 50 50 40
v -1.507851 209.240479 27.072128 50 50 40
v -0.349968 209.261597 26.428223 50 50 40
v 0.013094 209.219116 27.701782 50 50 40
v 0.013159 209.259033 26.500122 50 50 40
v -0.349968 209.261597 26.428223 50 50 40
v 0.013159 209.259033 26.500122 50 50 40
v 0.013094 209.219116 27.701782 50 50 40
v 0.376297 209.261230 26.428253 50 50 40
v 1.534063 209.239380 27.072266 50 50 40
v 0.684185 209.268066 26.222534 50 50 40
v 0.376297 209.261230 26.428253 50 50 40
v 0.684185 209.268066 26.222534 50 50 40
v 1.534063 209.239380 27.072266 50 50 40
v 0.889900 209.278076 25.915192 50 50 40
v 0.889900 209.278076 25.915192 50 50 40
v 2.000402 209.262451 26.374771 50 50 40
v 0.962141 209.290161 25.551788 50 50 40
v 2.000490 209.317139 24.729416 50 50 40
v 0.889938 209.302246 25.188934 50 50 40
v 0.962141 209.290161 25.551788 50 50 40
v 1.534227 209.340454 24.031891 50 50 40
v 0.684258 209.312622 24.881042 50 50 40
v 0.889938 209.302246 25.188934 50 50 40
v 0.684258 209.312622 24.881042 50 50 40
v 1.534227 209.340454 24.031891 50 50 40
v 0.376392 209.319458 24.675797 50 50 40
v -0.349873 209.319824 24.675766 50 50 40
v -0.342609 230.002197 25.363480 50 50 40
v 0.020525 230.004517 25.291107 50 50 40
v 0.013325 209.362061 23.402222 50 50 40
v 0.013262 209.322144 24.603394 50 50 40
v 0.376392 209.319458 24.675797 50 50 40
v 0.836456 209.356201 23.565857 50 50 40
v 0.013325 209.362061 23.402222 50 50 40
v 0.376392 209.319458 24.675797 50 50 40
v -0.809818 209.356812 23.565796 50 50 40
v -1.507687 209.341553 24.031754 50 50 40
v -0.349873 209.319824 24.675766 50 50 40
v -8.230831 207.984131 22.091415 50 50 40
v -1.974482 207.895752 24.681946 50 50 40
v -1.508186 207.918823 23.984451 50 50 40
v -1.507687 209.341553 24.031754 50 50 40
v -1.973982 209.318481 24.729248 50 50 40
v -0.863476 209.302856 25.188858 50 50 40
v -8.910257 207.870850 25.504059 50 50 40
v -2.138260 207.868530 25.504349 50 50 40
v -1.974482 207.895752 24.681946 50 50 40
v -1.973982 209.318481 24.729248 50 50 40
v -2.137760 209.291260 25.551666 50 50 40
v -0.935766 209.290771 25.551712 50 50 40
v -8.231199 207.757202 28.917297 50 50 40
v -1.974569 207.841064 26.327301 50 50 40
v -2.138260 207.868530 25.504349 50 50 40
v -2.137760 209.291260 25.551666 50 50 40
v -1.974070 209.263794 26.374603 50 50 40
v -0.935766 209.290771 25.551712 50 50 40
v -1.974569 207.841064 26.327301 50 50 40
v -8.231199 207.757202 28.917297 50 50 40
v -1.508350 207.817749 27.024826 50 50 40
v -1.974070 209.263794 26.374603 50 50 40
v -1.507851 209.240479 27.072128 50 50 40
v -0.863514 209.278687 25.915115 50 50 40
v -1.508350 207.817749 27.024826 50 50 40
v -6.297092 207.660400 31.810532 50 50 40
v -0.810532 207.802002 27.490875 50 50 40
v -1.507851 209.240479 27.072128 50 50 40
v -0.810032 209.224731 27.538177 50 50 40
v -0.349968 209.261597 26.428223 50 50 40
v -0.810532 207.802002 27.490875 50 50 40
v -3.402401 207.594971 33.743561 50 50 40
v 0.012594 207.796387 27.654480 50 50 40
v -0.810032 209.224731 27.538177 50 50 40
v 0.013094 209.219116 27.701782 50 50 40
v -0.349968 209.261597 26.428223 50 50 40
v 3.426939 207.592651 33.743835 50 50 40
v 0.835743 207.801392 27.490936 50 50 40
v 0.012594 207.796387 27.654480 50 50 40
v 0.013094 209.219116 27.701782 50 50 40
v 0.836243 209.224121 27.538239 50 50 40
v 0.376297 209.261230 26.428253 50 50 40
v 6.321836 207.655884 31.811066 50 50 40
v 1.533564 207.816650 27.024948 50 50 40
v 0.835743 207.801392 27.490936 50 50 40
v 0.836243 209.224121 27.538239 50 50 40
v 1.534063 209.239380 27.072266 50 50 40
v 0.376297 209.261230 26.428253 50 50 40
v 8.256254 207.751465 28.917999 50 50 40
v 1.999903 207.839722 26.327454 50 50 40
v 1.533564 207.816650 27.024948 50 50 40
v 1.534063 209.239380 27.072266 50 50 40
v 2.000402 209.262451 26.374771 50 50 40
v 0.889900 209.278076 25.915192 50 50 40
v 1.999903 207.839722 26.327454 50 50 40
v 8.256254 207.751465 28.917999 50 50 40
v 2.163679 207.866943 25.504532 50 50 40
v 2.000402 209.262451 26.374771 50 50 40
v 2.164179 209.289673 25.551834 50 50 40
v 0.962141 209.290161 25.551788 50 50 40
v 8.256624 207.978394 22.092117 50 50 40
v 1.999990 207.894409 24.682098 50 50 40
v 2.163679 207.866943 25.504532 50 50 40
v 2.164179 209.289673 25.551834 50 50 40
v 2.000490 209.317139 24.729416 50 50 40
v 0.962141 209.290161 25.551788 50 50 40
v 6.322515 208.075195 19.198883 50 50 40
v 1.533728 207.917725 23.984573 50 50 40
v 1.999990 207.894409 24.682098 50 50 40
v 2.000490 209.317139 24.729416 50 50 40
v 1.534227 209.340454 24.031891 50 50 40
v 0.889938 209.302246 25.188934 50 50 40
v 1.533728 207.917725 23.984573 50 50 40
v 6.322515 208.075195 19.198883 50 50 40
v 0.835957 207.933472 23.518555 50 50 40
v 1.534227 209.340454 24.031891 50 50 40
v 0.836456 209.356201 23.565857 50 50 40
v 0.376392 209.319458 24.675797 50 50 40
v 0.012825 207.939331 23.354919 50 50 40
v 0.013325 209.362061 23.402222 50 50 40
v 0.836456 209.356201 23.565857 50 50 40
v 6.322515 208.075195 19.198883 50 50 40
v 3.427828 208.140625 17.265350 50 50 40
v 0.835957 207.933472 23.518555 50 50 40
v 0.013191 208.164429 16.586548 50 50 40
v 3.427828 208.140625 17.265350 50 50 40
v 3.427160 206.236938 17.202057 50 50 40
v 0.012524 206.260742 16.523254 50 50 40
v 3.427828 208.140625 17.265350 50 50 40
v 0.012524 206.260742 16.523254 50 50 40
v -3.402182 206.239258 17.201767 50 50 40
v 0.013191 208.164429 16.586548 50 50 40
v 0.012524 206.260742 16.523254 50 50 40
v 0.012724 206.385010 12.782867 50 50 40
v -3.402182 206.239258 17.201767 50 50 40
v 0.012724 206.385010 12.782867 50 50 40
v -3.402182 206.239258 17.201767 50 50 40
v -4.834240 206.354736 13.745895 50 50 40
v -3.402182 206.239258 17.201767 50 50 40
v -4.834240 206.354736 13.745895 50 50 40
v -4.837084 198.254272 13.476563 50 50 40
v -8.943378 206.264771 16.490143 50 50 40
v 0.012825 207.939331 23.354919 50 50 40
v -0.810318 207.934082 23.518494 50 50 40
v 0.013325 209.362061 23.402222 50 50 40
v -6.296413 208.079712 19.198349 50 50 40
v -1.508186 207.918823 23.984451 50 50 40
v -0.810318 207.934082 23.518494 50 50 40
v -3.402182 206.239258 17.201767 50 50 40
v -3.401514 208.142944 17.265076 50 50 40
v 0.013191 208.164429 16.586548 50 50 40
v -8.943378 206.264771 16.490143 50 50 40
v -6.297081 206.176025 19.135040 50 50 40
v -3.402182 206.239258 17.201767 50 50 40
v -6.297081 206.176025 19.135040 50 50 40
v -8.943378 206.264771 16.490143 50 50 40
v -8.231499 206.080444 22.028122 50 50 40
v -8.943378 206.264771 16.490143 50 50 40
v -8.231499 206.080444 22.028122 50 50 40
v -11.689194 206.129272 20.596771 50 50 40
v -8.943378 206.264771 16.490143 50 50 40
v -11.692038 198.028809 20.327423 50 50 40
v -8.943378 206.264771 16.490143 50 50 40
v -20.248970 175.695190 32.826370 50 50 40
v -15.351373 176.924438 39.835922 50 50 40
v -15.351373 176.924438 39.835922 50 50 40
v -15.498020 175.457153 39.933533 50 50 40
v -20.248970 175.695190 32.826370 50 50 40
v -15.498020 175.457153 39.933533 50 50 40
v -20.275764 99.385498 30.289017 50 50 40
v -15.498020 175.457153 39.933533 50 50 40
v -15.498020 175.457153 39.933533 50 50 40
v -15.524815 99.147461 37.396179 50 50 40
v -15.524815 99.147461 37.396179 50 50 40
v -8.387398 175.296753 44.682556 50 50 40
v -8.414194 98.987061 42.145203 50 50 40
v -15.524815 99.147461 37.396179 50 50 40
v 8.363626 100.327026 1.668045 50 50 40
v -0.026728 93.070923 1.026306 50 50 40
v -0.024107 100.385620 0.000000 50 50 40
v -0.026728 93.070923 1.026306 50 50 40
v -0.024107 100.385620 0.000000 50 50 40
v -8.412014 100.333008 1.667328 50 50 40
v -0.024107 100.385620 0.000000 50 50 40
v -8.385218 176.642700 4.204697 50 50 40
v 0.002689 176.695313 2.537354 50 50 40
v -8.385218 176.642700 4.204697 50 50 40
v 0.003193 178.150757 2.792725 50 50 40
v 0.002689 176.695313 2.537354 50 50 40
v 0.003193 178.150757 2.792725 50 50 40
v 8.390421 176.636719 4.205399 50 50 40
v 8.363626 100.327026 1.668045 50 50 40
v 0.002689 176.695313 2.537354 50 50 40
v -8.385218 176.642700 4.204697 50 50 40
v -8.412014 100.333008 1.667328 50 50 40
v -8.385218 176.642700 4.204697 50 50 40
v -15.496352 176.487305 8.953094 50 50 40
v -8.305651 178.098755 4.444183 50 50 40
v -8.412014 100.333008 1.667328 50 50 40
v -15.496352 176.487305 8.953094 50 50 40
v -15.496352 176.487305 8.953094 50 50 40
v -15.523147 100.177612 6.415741 50 50 40
v -15.496352 176.487305 8.953094 50 50 40
v -20.248066 176.252686 16.059860 50 50 40
v -15.349720 177.944824 9.147476 50 50 40
v -20.248066 176.252686 16.059860 50 50 40
v -15.349720 177.944824 9.147476 50 50 40
v -20.056641 177.712280 16.187317 50 50 40
v -20.248066 176.252686 16.059860 50 50 40
v -20.248066 176.252686 16.059860 50 50 40
v -21.709812 177.436768 24.491425 50 50 40
v -21.709812 177.436768 24.491425 50 50 40
v -21.916965 175.974487 24.442780 50 50 40
v -20.057533 177.160034 32.795685 50 50 40
v -20.248066 176.252686 16.059860 50 50 40
v -21.916965 175.974487 24.442780 50 50 40
v -20.274860 99.942993 13.522507 50 50 40
v -21.916965 175.974487 24.442780 50 50 40
v -21.916965 175.974487 24.442780 50 50 40
v -21.943760 99.664795 21.905426 50 50 40
v -20.248970 175.695190 32.826370 50 50 40
v -21.943760 99.664795 21.905426 50 50 40
v -20.274860 99.942993 13.522507 50 50 40
v -21.943760 99.664795 21.905426 50 50 40
v -20.677654 92.391846 21.663666 50 50 40
v -20.275764 99.385498 30.289017 50 50 40
v -21.943760 99.664795 21.905426 50 50 40
v -19.106207 92.128784 29.561905 50 50 40
v -20.275764 99.385498 30.289017 50 50 40
v -19.106207 92.128784 29.561905 50 50 40
v -19.106207 92.128784 29.561905 50 50 40
v -14.630226 91.904541 36.257599 50 50 40
v -17.591419 86.700806 28.752716 50 50 40
v -14.630226 91.904541 36.257599 50 50 40
v -14.630226 91.904541 36.257599 50 50 40
v -13.471304 86.494385 34.916443 50 50 40
v -7.931234 91.753418 40.731949 50 50 40
v -13.471304 86.494385 34.916443 50 50 40
v -7.931234 91.753418 40.731949 50 50 40
v 7.875509 93.015869 2.597641 50 50 40
v 7.245314 87.517456 3.931946 50 50 40
v -0.028730 87.568115 2.485535 50 50 40
v 6.222574 82.022217 6.215240 50 50 40
v -0.028730 87.568115 2.485535 50 50 40
v -0.028730 87.568115 2.485535 50 50 40
v -0.030773 82.065918 4.971649 50 50 40
v -0.028730 87.568115 2.485535 50 50 40
v -7.302923 87.522583 3.931335 50 50 40
v -0.026728 93.070923 1.026306 50 50 40
v -0.028730 87.568115 2.485535 50 50 40
v -7.929180 93.021362 2.596970 50 50 40
v -7.929180 93.021362 2.596970 50 50 40
v -7.302923 87.522583 3.931335 50 50 40
v -8.412014 100.333008 1.667328 50 50 40
v -7.929180 93.021362 2.596970 50 50 40
v -14.628654 92.875000 7.070770 50 50 40
v -7.302923 87.522583 3.931335 50 50 40
v -14.628654 92.875000 7.070770 50 50 40
v -14.628654 92.875000 7.070770 50 50 40
v -13.469856 87.387695 8.049683 50 50 40
v -15.523147 100.177612 6.415741 50 50 40
v -14.628654 92.875000 7.070770 50 50 40
v -19.105356 92.654053 13.766068 50 50 40
v -20.274860 99.942993 13.522507 50 50 40
v -15.523147 100.177612 6.415741 50 50 40
v -19.105356 92.654053 13.766068 50 50 40
v -13.469856 87.387695 8.049683 50 50 40
v -19.105356 92.654053 13.766068 50 50 40
v -19.105356 92.654053 13.766068 50 50 40
v -17.590637 87.184326 14.212585 50 50 40
v -20.677654 92.391846 21.663666 50 50 40
v -17.590637 87.184326 14.212585 50 50 40
v -20.677654 92.391846 21.663666 50 50 40
v -19.037954 86.942993 21.482574 50 50 40
v -17.590637 87.184326 14.212585 50 50 40
v -19.037954 86.942993 21.482574 50 50 40
v -16.372681 81.528564 21.302689 50 50 40
v -17.591419 86.700806 28.752716 50 50 40
v -19.037954 86.942993 21.482574 50 50 40
v -15.129110 81.320313 27.553070 50 50 40
v -17.591419 86.700806 28.752716 50 50 40
v -15.129110 81.320313 27.553070 50 50 40
v -11.587101 81.142944 32.851715 50 50 40
v -7.304813 86.355347 39.034821 50 50 40
v 9.127378 72.784668 21.013306 81 77 24
v 4.259741 69.286377 20.896729 81 77 24
v 4.941309 77.131348 9.142929 50 50 40
v -0.034227 73.092529 11.856079 50 50 40
v -0.032635 77.166016 8.153717 50 50 40
v -0.034227 73.092529 11.856079 50 50 40
v -0.032635 77.166016 8.153717 50 50 40
v -5.006731 77.134888 9.142502 50 50 40
v -0.030773 82.065918 4.971649 50 50 40
v -0.032635 77.166016 8.153717 50 50 40
v -6.284254 82.026733 6.214722 50 50 40
v -6.284254 82.026733 6.214722 50 50 40
v -5.006731 77.134888 9.142502 50 50 40
v -7.302923 87.522583 3.931335 50 50 40
v -6.284254 82.026733 6.214722 50 50 40
v -11.585857 81.910889 9.754578 50 50 40
v -5.006731 77.134888 9.142502 50 50 40
v -11.585857 81.910889 9.754578 50 50 40
v -4.004757 69.234741 22.539780 81 77 24
v -6.513674 72.574951 27.487564 81 77 24
v -6.513674 72.574951 27.487564 81 77 24
v -3.073660 69.187988 23.932358 81 77 24
v -3.541357 72.507935 29.473114 81 77 24
v -0.035213 72.483521 30.170288 81 77 24
v -0.036180 69.145264 25.190170 81 77 24
v -0.036180 69.145264 25.190170 81 77 24
v 3.471010 72.505371 29.473419 81 77 24
v 3.471010 72.505371 29.473419 81 77 24
v 1.607735 69.155518 24.863556 81 77 24
v 3.471010 72.505371 29.473419 81 77 24
v 3.001390 69.185913 23.932617 81 77 24
v 6.443491 72.570435 27.488113 81 77 24
v 3.001390 69.185913 23.932617 81 77 24
v 3.932684 69.231934 22.540115 50 50 40
v 3.001390 69.185913 23.932617 50 50 40
v 3.932684 69.231934 22.540115 50 50 40
v 3.931486 65.816284 22.426544 50 50 40
v 4.259741 69.286377 20.896729 50 50 40
v 3.932684 69.231934 22.540115 50 50 40
v 4.258543 65.870728 20.783157 50 50 40
v 4.259741 69.286377 20.896729 50 50 40
v 4.258543 65.870728 20.783157 50 50 40
v 4.259741 69.286377 20.896729 50 50 40
v 3.931665 65.925537 19.140259 50 50 40
v 3.932863 69.341187 19.253830 50 50 40
v 3.931665 65.925537 19.140259 50 50 40
v 3.932863 69.341187 19.253830 50 50 40
v 3.000517 65.972168 17.747192 50 50 40
v 3.001715 69.387817 17.860764 50 50 40
v 3.000517 65.972168 17.747192 50 50 40
v 3.001715 69.387817 17.860764 50 50 40
v 1.606964 66.003662 16.816635 50 50 40
v 1.608162 69.419312 16.930206 50 50 40
v 1.606964 66.003662 16.816635 50 50 40
v 1.608162 69.419312 16.930206 50 50 40
v -0.036917 66.015137 16.489868 50 50 40
v -0.035719 69.430786 16.603439 50 50 40
v -0.036917 66.015137 16.489868 50 50 40
v -0.035719 69.430786 16.603439 50 50 40
v -1.680826 66.004761 16.816498 50 50 40
v -1.679628 69.420410 16.930069 50 50 40
v -1.680826 66.004761 16.816498 50 50 40
v -1.679628 69.420410 16.930069 50 50 40
v -3.074530 65.974243 17.746933 50 50 40
v -3.073332 69.389893 17.860504 50 50 40
v -3.074530 65.974243 17.746933 50 50 40
v -3.073332 69.389893 17.860504 50 50 40
v -4.005777 65.928345 19.139923 50 50 40
v -4.004580 69.343994 19.253494 50 50 40
v -4.005777 65.928345 19.139923 50 50 40
v -4.004580 69.343994 19.253494 50 50 40
v -4.332888 65.873779 20.782806 50 50 40
v -4.331690 69.289429 20.896362 50 50 40
v -4.332888 65.873779 20.782806 50 50 40
v -4.004757 69.234741 22.539780 50 50 40
v -4.331690 69.289429 20.896362 50 50 40
v -4.005955 65.819092 22.426208 50 50 40
v -4.004757 69.234741 22.539780 50 50 40
v -4.005955 65.819092 22.426208 50 50 40
v -3.074858 65.772339 23.818787 81 77 24
v -4.005955 65.819092 22.426208 81 77 24
v -3.074858 65.772339 23.818787 81 77 24
v -1.120800 65.836670 21.866135 81 77 24
v -1.681253 65.740967 24.749847 81 77 24
v -1.120800 65.836670 21.866135 81 77 24
v -0.623661 65.825439 22.198318 0 0 0
v -1.120800 65.836670 21.866135 0 0 0
v -0.623661 65.825439 22.198318 0 0 0
v -0.624283 64.055664 22.139465 0 0 0
v -0.623661 65.825439 22.198318 0 0 0
v -0.037851 64.051636 22.255997 0 0 0
v -0.037230 65.821411 22.314835 0 0 0
v -0.037851 64.051636 22.255997 0 0 0
v -0.037230 65.821411 22.314835 0 0 0
v 0.548595 64.055298 22.139526 0 0 0
v 0.549217 65.825073 22.198364 0 0 0
v 0.548595 64.055298 22.139526 0 0 0
v 0.549217 65.825073 22.198364 0 0 0
v 1.045769 64.066040 21.807388 0 0 0
v 1.046391 65.835815 21.866226 0 0 0
v 1.045769 64.066040 21.807388 0 0 0
v 1.046391 65.835815 21.866226 0 0 0
v 1.377977 64.082520 21.310669 0 0 0
v 1.378599 65.852295 21.369507 0 0 0
v 1.377977 64.082520 21.310669 0 0 0
v 1.378599 65.852295 21.369507 0 0 0
v 1.494625 64.101929 20.724197 0 0 0
v 1.378662 65.891235 20.197083 0 0 0
v 1.045885 64.138062 19.641495 0 0 0
v 1.046507 65.907837 19.700333 0 0 0
v 1.045885 64.138062 19.641495 0 0 0
v 1.046507 65.907837 19.700333 0 0 0
v 0.548748 64.149414 19.309326 0 0 0
v 0.549370 65.919189 19.368179 0 0 0
v 0.548748 64.149414 19.309326 0 0 0
v 0.549370 65.919189 19.368179 0 0 0
v -0.037687 64.153564 19.192795 0 0 0
v -0.037066 65.923340 19.251633 0 0 0
v -0.037687 64.153564 19.192795 0 0 0
v -0.037066 65.923340 19.251633 0 0 0
v -0.624130 64.149780 19.309280 0 0 0
v -0.623508 65.919556 19.368134 0 0 0
v -0.624130 64.149780 19.309280 0 0 0
v -0.623508 65.919556 19.368134 0 0 0
v -1.121305 64.138916 19.641403 0 0 0
v -1.120684 65.908691 19.700241 0 0 0
v -1.121305 64.138916 19.641403 0 0 0
v -1.120684 65.908691 19.700241 0 0 0
v -1.453514 64.122559 20.138123 0 0 0
v -1.452892 65.892334 20.196960 0 0 0
v -1.453514 64.122559 20.138123 0 0 0
v -1.452892 65.892334 20.196960 0 0 0
v -1.570208 64.103027 20.724060 0 0 0
v -1.569586 65.872803 20.782913 0 0 0
v -1.570208 64.103027 20.724060 0 0 0
v -1.569586 65.872803 20.782913 0 0 0
v -1.453577 64.083618 21.310547 0 0 0
v -1.452955 65.853394 21.369385 0 0 0
v -1.453577 64.083618 21.310547 0 0 0
v -1.120800 65.836670 21.866135 0 0 0
v -1.452955 65.853394 21.369385 0 0 0
v -1.121422 64.066895 21.807297 0 0 0
v -4.332888 65.873779 20.782806 81 77 24
v -1.569586 65.872803 20.782913 81 77 24
v -1.452955 65.853394 21.369385 81 77 24
v -1.453577 64.083618 21.310547 0 0 0
v -1.570208 64.103027 20.724060 0 0 0
v -1.121422 64.066895 21.807297 0 0 0
v -1.121422 64.066895 21.807297 0 0 0
v -1.570208 64.103027 20.724060 0 0 0
v -0.624283 64.055664 22.139465 0 0 0
v -1.570208 64.103027 20.724060 0 0 0
v -1.121305 64.138916 19.641403 0 0 0
v -0.624283 64.055664 22.139465 0 0 0
v -1.121305 64.138916 19.641403 0 0 0
v 1.045885 64.138062 19.641495 0 0 0
v -0.624283 64.055664 22.139465 0 0 0
v -0.624283 64.055664 22.139465 0 0 0
v 1.045885 64.138062 19.641495 0 0 0
v 1.377977 64.082520 21.310669 0 0 0
v -1.569586 65.872803 20.782913 81 77 24
v -4.332888 65.873779 20.782806 81 77 24
v -1.452892 65.892334 20.196960 81 77 24
v -3.074530 65.974243 17.746933 81 77 24
v -1.120684 65.908691 19.700241 81 77 24
v -1.452892 65.892334 20.196960 81 77 24
v -1.453514 64.122559 20.138123 0 0 0
v -1.121305 64.138916 19.641403 0 0 0
v -1.570208 64.103027 20.724060 0 0 0
v -1.120684 65.908691 19.700241 81 77 24
v -3.074530 65.974243 17.746933 81 77 24
v -0.623508 65.919556 19.368134 81 77 24
v -0.623508 65.919556 19.368134 81 77 24
v -1.680826 66.004761 16.816498 81 77 24
v -0.037066 65.923340 19.251633 81 77 24
v -0.037687 64.153564 19.192795 0 0 0
v -1.121305 64.138916 19.641403 0 0 0
v -0.624130 64.149780 19.309280 0 0 0
v 1.606964 66.003662 16.816635 81 77 24
v 0.549370 65.919189 19.368179 81 77 24
v -0.037066 65.923340 19.251633 81 77 24
v 0.548748 64.149414 19.309326 0 0 0
v -1.121305 64.138916 19.641403 0 0 0
v -0.037687 64.153564 19.192795 0 0 0
v 0.549370 65.919189 19.368179 81 77 24
v 1.606964 66.003662 16.816635 81 77 24
v 1.046507 65.907837 19.700333 81 77 24
v -1.121305 64.138916 19.641403 0 0 0
v 0.548748 64.149414 19.309326 0 0 0
v 1.045885 64.138062 19.641495 0 0 0
v 1.046507 65.907837 19.700333 81 77 24
v 3.000517 65.972168 17.747192 81 77 24
v 1.378662 65.891235 20.197083 81 77 24
v 4.258543 65.870728 20.783157 81 77 24
v 1.495247 65.871704 20.783051 81 77 24
v 1.378662 65.891235 20.197083 81 77 24
v 1.378040 64.121460 20.138245 0 0 0
v 1.494625 64.101929 20.724197 0 0 0
v 1.045885 64.138062 19.641495 0 0 0
v 1.495247 65.871704 20.783051 81 77 24
v 4.258543 65.870728 20.783157 81 77 24
v 1.378599 65.852295 21.369507 81 77 24
v 1.494625 64.101929 20.724197 0 0 0
v 1.377977 64.082520 21.310669 0 0 0
v 1.045885 64.138062 19.641495 0 0 0
v 1.378599 65.852295 21.369507 81 77 24
v 3.931486 65.816284 22.426544 81 77 24
v 1.046391 65.835815 21.866226 81 77 24
v 3.931486 65.816284 22.426544 81 77 24
v 1.046391 65.835815 21.866226 81 77 24
v 3.000193 65.770264 23.819046 81 77 24
v 1.046391 65.835815 21.866226 81 77 24
v 1.607735 69.155518 24.863556 50 50 40
v 1.606537 65.739868 24.749985 50 50 40
v 3.000193 65.770264 23.819046 50 50 40
v -0.624283 64.055664 22.139465 0 0 0
v 1.377977 64.082520 21.310669 0 0 0
v 1.045769 64.066040 21.807388 0 0 0
v 1.606537 65.739868 24.749985 81 77 24
v 0.549217 65.825073 22.198364 81 77 24
v 1.046391 65.835815 21.866226 81 77 24
v 1.606537 65.739868 24.749985 81 77 24
v 0.549217 65.825073 22.198364 81 77 24
v -0.036180 69.145264 25.190170 50 50 40
v -0.037378 65.729614 25.076599 50 50 40
v 1.606537 65.739868 24.749985 50 50 40
v -0.036180 69.145264 25.190170 50 50 40
v -0.037378 65.729614 25.076599 50 50 40
v -1.680056 69.156616 24.863419 50 50 40
v -1.681253 65.740967 24.749847 50 50 40
v -0.037378 65.729614 25.076599 50 50 40
v -0.037378 65.729614 25.076599 81 77 24
v -1.681253 65.740967 24.749847 81 77 24
v -0.037230 65.821411 22.314835 81 77 24
v -1.680056 69.156616 24.863419 50 50 40
v -3.073660 69.187988 23.932358 50 50 40
v -1.681253 65.740967 24.749847 50 50 40
v -0.037378 65.729614 25.076599 81 77 24
v -0.037230 65.821411 22.314835 81 77 24
v 0.549217 65.825073 22.198364 81 77 24
v -0.037851 64.051636 22.255997 0 0 0
v 1.045769 64.066040 21.807388 0 0 0
v 0.548595 64.055298 22.139526 0 0 0
v -0.624283 64.055664 22.139465 0 0 0
v 1.045769 64.066040 21.807388 0 0 0
v -0.037851 64.051636 22.255997 0 0 0
v -1.120800 65.836670 21.866135 0 0 0
v -1.121422 64.066895 21.807297 0 0 0
v -0.624283 64.055664 22.139465 0 0 0
v -1.681253 65.740967 24.749847 81 77 24
v -0.623661 65.825439 22.198318 81 77 24
v -0.037230 65.821411 22.314835 81 77 24
v -3.073660 69.187988 23.932358 50 50 40
v -3.074858 65.772339 23.818787 50 50 40
v -1.681253 65.740967 24.749847 50 50 40
v -4.005955 65.819092 22.426208 81 77 24
v -1.452955 65.853394 21.369385 81 77 24
v -1.120800 65.836670 21.866135 81 77 24
v -4.005955 65.819092 22.426208 81 77 24
v -4.332888 65.873779 20.782806 81 77 24
v -1.452955 65.853394 21.369385 81 77 24
v -9.223608 77.042725 11.958160 50 50 40
v -3.540445 73.070557 12.552948 81 77 24
v -1.679628 69.420410 16.930069 81 77 24
v -6.512976 73.005493 14.537766 81 77 24
v -3.540445 73.070557 12.552948 81 77 24
v -0.034227 73.092529 11.856079 81 77 24
v -1.679628 69.420410 16.930069 81 77 24
v -4.332888 65.873779 20.782806 81 77 24
v -4.005777 65.928345 19.139923 81 77 24
v -1.452892 65.892334 20.196960 81 77 24
v -4.005777 65.928345 19.139923 81 77 24
v -3.074530 65.974243 17.746933 81 77 24
v -1.452892 65.892334 20.196960 81 77 24
v -1.679628 69.420410 16.930069 81 77 24
v -3.073332 69.389893 17.860504 81 77 24
v -6.512976 73.005493 14.537766 81 77 24
v -3.074530 65.974243 17.746933 81 77 24
v -1.680826 66.004761 16.816498 81 77 24
v -0.623508 65.919556 19.368134 81 77 24
v -0.034227 73.092529 11.856079 81 77 24
v -0.035719 69.430786 16.603439 81 77 24
v -1.679628 69.420410 16.930069 81 77 24
v -1.680826 66.004761 16.816498 81 77 24
v -0.036917 66.015137 16.489868 81 77 24
v -0.037066 65.923340 19.251633 81 77 24
v 1.608162 69.419312 16.930206 81 77 24
v -0.035719 69.430786 16.603439 81 77 24
v -0.034227 73.092529 11.856079 81 77 24
v -0.036917 66.015137 16.489868 81 77 24
v 1.606964 66.003662 16.816635 81 77 24
v -0.037066 65.923340 19.251633 81 77 24
v 3.001715 69.387817 17.860764 81 77 24
v 1.608162 69.419312 16.930206 81 77 24
v 1.606964 66.003662 16.816635 81 77 24
v 3.000517 65.972168 17.747192 81 77 24
v 1.046507 65.907837 19.700333 81 77 24
v 3.932863 69.341187 19.253830 81 77 24
v 3.001715 69.387817 17.860764 81 77 24
v 6.444189 73.000977 14.538315 81 77 24
v 3.000517 65.972168 17.747192 81 77 24
v 3.931665 65.925537 19.140259 81 77 24
v 1.378662 65.891235 20.197083 81 77 24
v 3.931665 65.925537 19.140259 81 77 24
v 4.258543 65.870728 20.783157 81 77 24
v 1.378662 65.891235 20.197083 81 77 24
v 4.258543 65.870728 20.783157 81 77 24
v 3.931486 65.816284 22.426544 81 77 24
v 1.378599 65.852295 21.369507 81 77 24
v 3.001390 69.185913 23.932617 50 50 40
v 3.000193 65.770264 23.819046 50 50 40
v 3.931486 65.816284 22.426544 50 50 40
v 3.001390 69.185913 23.932617 50 50 40
v 1.607735 69.155518 24.863556 50 50 40
v 3.000193 65.770264 23.819046 50 50 40
v 1.607735 69.155518 24.863556 50 50 40
v -0.036180 69.145264 25.190170 50 50 40
v 1.606537 65.739868 24.749985 50 50 40
v -3.541357 72.507935 29.473114 81 77 24
v -1.680056 69.156616 24.863419 81 77 24
v -0.036180 69.145264 25.190170 81 77 24
v -3.073660 69.187988 23.932358 81 77 24
v -1.680056 69.156616 24.863419 81 77 24
v -3.541357 72.507935 29.473114 81 77 24
v -3.073660 69.187988 23.932358 50 50 40
v -4.004757 69.234741 22.539780 50 50 40
v -3.074858 65.772339 23.818787 50 50 40
v -13.469856 87.387695 8.049683 50 50 40
v -11.585857 81.910889 9.754578 50 50 40
v -5.006731 77.134888 9.142502 50 50 40
v -3.540445 73.070557 12.552948 50 50 40
v -9.223608 77.042725 11.958160 50 50 40
v -0.034227 73.092529 11.856079 50 50 40
v -3.540445 73.070557 12.552948 50 50 40
v -5.006731 77.134888 9.142502 50 50 40
v 6.222574 82.022217 6.215240 50 50 40
v 4.941309 77.131348 9.142929 50 50 40
v -0.032635 77.166016 8.153717 50 50 40
v 3.471922 73.067993 12.553253 81 77 24
v 1.608162 69.419312 16.930206 81 77 24
v -0.034227 73.092529 11.856079 81 77 24
v 3.471922 73.067993 12.553253 81 77 24
v 6.444189 73.000977 14.538315 81 77 24
v 1.608162 69.419312 16.930206 81 77 24
v 8.430120 72.901489 17.509399 81 77 24
v 3.932863 69.341187 19.253830 81 77 24
v 6.444189 73.000977 14.538315 81 77 24
v 4.259741 69.286377 20.896729 81 77 24
v 3.932863 69.341187 19.253830 81 77 24
v 8.430120 72.901489 17.509399 81 77 24
v 8.429743 72.668457 24.517700 81 77 24
v 3.932684 69.231934 22.540115 81 77 24
v 4.259741 69.286377 20.896729 81 77 24
v 8.429743 72.668457 24.517700 81 77 24
v 6.443491 72.570435 27.488113 81 77 24
v 3.932684 69.231934 22.540115 81 77 24
v -17.590637 87.184326 14.212585 50 50 40
v -15.128437 81.735962 15.052933 50 50 40
v -16.372681 81.528564 21.302689 50 50 40
v -17.590637 87.184326 14.212585 50 50 40
v -13.469856 87.387695 8.049683 50 50 40
v -15.128437 81.735962 15.052933 50 50 40
v -13.469856 87.387695 8.049683 50 50 40
v -7.302923 87.522583 3.931335 50 50 40
v -11.585857 81.910889 9.754578 50 50 40
v -0.030773 82.065918 4.971649 50 50 40
v -6.284254 82.026733 6.214722 50 50 40
v -7.302923 87.522583 3.931335 50 50 40
v -0.030773 82.065918 4.971649 50 50 40
v 6.222574 82.022217 6.215240 50 50 40
v -0.032635 77.166016 8.153717 50 50 40
v -13.471304 86.494385 34.916443 50 50 40
v -11.587101 81.142944 32.851715 50 50 40
v -7.304813 86.355347 39.034821 50 50 40
v -13.471304 86.494385 34.916443 50 50 40
v -17.591419 86.700806 28.752716 50 50 40
v -11.587101 81.142944 32.851715 50 50 40
v -19.037954 86.942993 21.482574 50 50 40
v -17.591419 86.700806 28.752716 50 50 40
v -19.106207 92.128784 29.561905 50 50 40
v -20.677654 92.391846 21.663666 50 50 40
v -19.037954 86.942993 21.482574 50 50 40
v -19.106207 92.128784 29.561905 50 50 40
v -20.274860 99.942993 13.522507 50 50 40
v -19.105356 92.654053 13.766068 50 50 40
v -20.677654 92.391846 21.663666 50 50 40
v -15.523147 100.177612 6.415741 50 50 40
v -20.274860 99.942993 13.522507 50 50 40
v -20.248066 176.252686 16.059860 50 50 40
v -15.523147 100.177612 6.415741 50 50 40
v -8.412014 100.333008 1.667328 50 50 40
v -14.628654 92.875000 7.070770 50 50 40
v -0.026728 93.070923 1.026306 50 50 40
v -7.929180 93.021362 2.596970 50 50 40
v -8.412014 100.333008 1.667328 50 50 40
v 8.363626 100.327026 1.668045 50 50 40
v -0.024107 100.385620 0.000000 50 50 40
v 0.002689 176.695313 2.537354 50 50 40
v -0.026728 93.070923 1.026306 50 50 40
v 7.875509 93.015869 2.597641 50 50 40
v -0.028730 87.568115 2.485535 50 50 40
v -15.524815 99.147461 37.396179 50 50 40
v -14.630226 91.904541 36.257599 50 50 40
v -7.931234 91.753418 40.731949 50 50 40
v -15.524815 99.147461 37.396179 50 50 40
v -20.275764 99.385498 30.289017 50 50 40
v -14.630226 91.904541 36.257599 50 50 40
v -21.943760 99.664795 21.905426 50 50 40
v -20.275764 99.385498 30.289017 50 50 40
v -20.248970 175.695190 32.826370 50 50 40
v -21.916965 175.974487 24.442780 50 50 40
v -20.248970 175.695190 32.826370 50 50 40
v -20.057533 177.160034 32.795685 50 50 40
v -8.947187 197.569092 34.122559 50 50 40
v -8.944344 205.669556 34.391907 50 50 40
v -11.689716 205.807129 30.285065 50 50 40
v -8.944344 205.669556 34.391907 50 50 40
v -6.297760 205.756714 31.747223 50 50 40
v -8.944344 205.669556 34.391907 50 50 40
v -6.297760 205.756714 31.747223 50 50 40
v -4.838343 197.476563 36.866669 50 50 40
v -4.835499 205.577026 37.136002 50 50 40
v -8.944344 205.669556 34.391907 50 50 40
v -8.947187 197.569092 34.122559 50 50 40
v -11.689716 205.807129 30.285065 50 50 40
v -11.692560 197.706665 30.015717 50 50 40
v -11.689716 205.807129 30.285065 50 50 40
v -12.653561 205.968506 25.440613 50 50 40
v -11.689716 205.807129 30.285065 50 50 40
v -8.231867 205.853516 28.854004 50 50 40
v -11.692560 197.706665 30.015717 50 50 40
v -12.653561 205.968506 25.440613 50 50 40
v -12.656404 197.868042 25.171265 50 50 40
v -12.653561 205.968506 25.440613 50 50 40
v -11.689194 206.129272 20.596771 50 50 40
v -11.689194 206.129272 20.596771 50 50 40
v -12.653561 205.968506 25.440613 50 50 40
v -8.910925 205.967163 25.440765 50 50 40
v -11.692038 198.028809 20.327423 50 50 40
v -12.656404 197.868042 25.171265 50 50 40
v -11.689194 206.129272 20.596771 50 50 40
v -6.296413 208.079712 19.198349 50 50 40
v -8.230831 207.984131 22.091415 50 50 40
v -1.508186 207.918823 23.984451 50 50 40
v -8.231499 206.080444 22.028122 50 50 40
v -11.689194 206.129272 20.596771 50 50 40
v -8.910925 205.967163 25.440765 50 50 40
v -8.230831 207.984131 22.091415 50 50 40
v -8.910257 207.870850 25.504059 50 50 40
v -1.974482 207.895752 24.681946 50 50 40
v -8.910925 205.967163 25.440765 50 50 40
v -12.653561 205.968506 25.440613 50 50 40
v -8.231867 205.853516 28.854004 50 50 40
v -8.910257 207.870850 25.504059 50 50 40
v -8.231199 207.757202 28.917297 50 50 40
v -2.138260 207.868530 25.504349 50 50 40
v -8.231867 205.853516 28.854004 50 50 40
v -11.689716 205.807129 30.285065 50 50 40
v -6.297760 205.756714 31.747223 50 50 40
v -8.231199 207.757202 28.917297 50 50 40
v -6.297092 207.660400 31.810532 50 50 40
v -1.508350 207.817749 27.024826 50 50 40
v -4.835499 205.577026 37.136002 50 50 40
v -3.403069 205.691284 33.680252 50 50 40
v -6.297760 205.756714 31.747223 50 50 40
v -6.297092 207.660400 31.810532 50 50 40
v -3.402401 207.594971 33.743561 50 50 40
v -0.810532 207.802002 27.490875 50 50 40
v -3.403069 205.691284 33.680252 50 50 40
v -4.835499 205.577026 37.136002 50 50 40
v 0.011562 205.667603 34.359558 50 50 40
v -4.835499 205.577026 37.136002 50 50 40
v 0.011562 205.667603 34.359558 50 50 40
v 0.011360 205.543213 38.099915 50 50 40
v 0.011562 205.667603 34.359558 50 50 40
v 4.858328 205.573608 37.136414 50 50 40
v 0.011360 205.543213 38.099915 50 50 40
v 0.011360 205.543213 38.099915 50 50 40
v -4.835499 205.577026 37.136002 50 50 40
v -3.402401 207.594971 33.743561 50 50 40
v 0.012230 207.571289 34.422867 50 50 40
v 0.012594 207.796387 27.654480 50 50 40
v 4.858328 205.573608 37.136414 50 50 40
v 3.426271 205.688965 33.680542 50 50 40
v 0.011562 205.667603 34.359558 50 50 40
v 4.858328 205.573608 37.136414 50 50 40
v 3.426271 205.688965 33.680542 50 50 40
v 8.967466 205.663330 34.392654 50 50 40
v 4.858328 205.573608 37.136414 50 50 40
v 0.012230 207.571289 34.422867 50 50 40
v 3.426939 207.592651 33.743835 50 50 40
v 0.012594 207.796387 27.654480 50 50 40
v 8.967466 205.663330 34.392654 50 50 40
v 6.321169 205.752197 31.747757 50 50 40
v 3.426271 205.688965 33.680542 50 50 40
v 8.967466 205.663330 34.392654 50 50 40
v 6.321169 205.752197 31.747757 50 50 40
v 11.713236 205.798950 30.286057 50 50 40
v 8.967466 205.663330 34.392654 50 50 40
v 11.710390 197.698486 30.016708 50 50 40
v 11.713236 205.798950 30.286057 50 50 40
v 12.674757 197.859131 25.172333 50 50 40
v 11.713236 205.798950 30.286057 50 50 40
v 11.713236 205.798950 30.286057 50 50 40
v 12.677603 205.959595 25.441681 50 50 40
v 8.255587 205.847778 28.854691 50 50 40
v 3.426939 207.592651 33.743835 50 50 40
v 6.321836 207.655884 31.811066 50 50 40
v 0.835743 207.801392 27.490936 50 50 40
v 11.713236 205.798950 30.286057 50 50 40
v 8.255587 205.847778 28.854691 50 50 40
v 6.321169 205.752197 31.747757 50 50 40
v 6.321836 207.655884 31.811066 50 50 40
v 8.256254 207.751465 28.917999 50 50 40
v 1.533564 207.816650 27.024948 50 50 40
v 12.677603 205.959595 25.441681 50 50 40
v 8.934965 205.960938 25.441513 50 50 40
v 8.255587 205.847778 28.854691 50 50 40
v 8.256254 207.751465 28.917999 50 50 40
v 8.935633 207.864624 25.504822 50 50 40
v 2.163679 207.866943 25.504532 50 50 40
v 8.934965 205.960938 25.441513 50 50 40
v 12.677603 205.959595 25.441681 50 50 40
v 8.255957 206.074707 22.028809 50 50 40
v 12.677603 205.959595 25.441681 50 50 40
v 8.255957 206.074707 22.028809 50 50 40
v 11.713758 206.121094 20.597763 50 50 40
v 12.677603 205.959595 25.441681 50 50 40
v 8.935633 207.864624 25.504822 50 50 40
v 8.256624 207.978394 22.092117 50 50 40
v 2.163679 207.866943 25.504532 50 50 40
v 8.255957 206.074707 22.028809 50 50 40
v 11.713758 206.121094 20.597763 50 50 40
v 6.321848 206.171509 19.135574 50 50 40
v 8.256624 207.978394 22.092117 50 50 40
v 6.322515 208.075195 19.198883 50 50 40
v 1.999990 207.894409 24.682098 50 50 40
v 3.427160 206.236938 17.202057 50 50 40
v 3.427828 208.140625 17.265350 50 50 40
v 6.322515 208.075195 19.198883 50 50 40
v 11.713758 206.121094 20.597763 50 50 40
v 8.968431 206.258545 16.490891 50 50 40
v 6.321848 206.171509 19.135574 50 50 40
v 8.968431 206.258545 16.490891 50 50 40
v 11.713758 206.121094 20.597763 50 50 40
v 4.859591 206.351318 13.746307 50 50 40
v 8.968431 206.258545 16.490891 50 50 40
v 0.012724 206.385010 12.782867 50 50 40
v 0.012524 206.260742 16.523254 50 50 40
v 3.427160 206.236938 17.202057 50 50 40
v -4.837084 198.254272 13.476563 50 50 40
v -4.834240 206.354736 13.745895 50 50 40
v 0.012724 206.385010 12.782867 50 50 40
v -4.837084 198.254272 13.476563 50 50 40
v -8.946222 198.164307 16.220795 50 50 40
v -8.943378 206.264771 16.490143 50 50 40
v -15.496352 176.487305 8.953094 50 50 40
v -15.349720 177.944824 9.147476 50 50 40
v -8.305651 178.098755 4.444183 50 50 40
v -8.385218 176.642700 4.204697 50 50 40
v -8.305651 178.098755 4.444183 50 50 40
v 0.003193 178.150757 2.792725 50 50 40
v 8.311857 178.092896 4.444885 50 50 40
v 8.390421 176.636719 4.205399 50 50 40
v 0.003193 178.150757 2.792725 50 50 40
v 4.856745 198.250854 13.476959 50 50 40
v 0.009880 198.284546 12.513535 50 50 40
v 4.859591 206.351318 13.746307 50 50 40
v 8.965586 198.158081 16.221558 50 50 40
v 4.856745 198.250854 13.476959 50 50 40
v 8.968431 206.258545 16.490891 50 50 40
v 11.710913 198.020630 20.328415 50 50 40
v 8.965586 198.158081 16.221558 50 50 40
v 11.713758 206.121094 20.597763 50 50 40
v 12.674757 197.859131 25.172333 50 50 40
v 11.710913 198.020630 20.328415 50 50 40
v 12.677603 205.959595 25.441681 50 50 40
v 8.964621 197.562866 34.123322 50 50 40
v 11.710390 197.698486 30.016708 50 50 40
v 8.967466 205.663330 34.392654 50 50 40
v 4.855482 197.473145 36.867065 50 50 40
v 8.964621 197.562866 34.123322 50 50 40
v 4.858328 205.573608 37.136414 50 50 40
v 0.008516 197.442749 37.830582 50 50 40
v 4.855482 197.473145 36.867065 50 50 40
v 0.011360 205.543213 38.099915 50 50 40
v -4.838343 197.476563 36.866669 50 50 40
v 0.008516 197.442749 37.830582 50 50 40
v -4.835499 205.577026 37.136002 50 50 40
v -15.498020 175.457153 39.933533 50 50 40
v -8.387398 175.296753 44.682556 50 50 40
v -8.307810 176.765503 44.540314 50 50 40
v -8.387398 175.296753 44.682556 50 50 40
v -8.307810 176.765503 44.540314 50 50 40
v -8.387398 175.296753 44.682556 50 50 40
v 0.000854 176.707764 46.192474 50 50 40
v -8.307810 176.765503 44.540314 50 50 40
v 0.000854 176.707764 46.192474 50 50 40
v -8.307810 176.765503 44.540314 50 50 40
v 0.008543 197.458496 37.358154 50 50 40
v -15.351373 176.924438 39.835922 50 50 40
v -20.057533 177.160034 32.795685 50 50 40
v -15.351373 176.924438 39.835922 50 50 40
v -11.255859 197.712524 29.834778 50 50 40
v -8.414194 98.987061 42.145203 50 50 40
v -7.931234 91.753418 40.731949 50 50 40
v -8.414194 98.987061 42.145203 50 50 40
v -0.028952 91.698486 42.303284 50 50 40
v -15.349720 177.944824 9.147476 50 50 40
v -20.056641 177.712280 16.187317 50 50 40
v -20.056641 177.712280 16.187317 50 50 40
v -21.709812 177.436768 24.491425 50 50 40
v -11.255358 198.022705 20.507904 50 50 40
v -21.709812 177.436768 24.491425 50 50 40
v -20.057533 177.160034 32.795685 50 50 40
v -7.931234 91.753418 40.731949 50 50 40
v -7.304813 86.355347 39.034821 50 50 40
v -0.030777 86.304810 40.481232 50 50 40
v -7.304813 86.355347 39.034821 50 50 40
v -15.129110 81.320313 27.553070 50 50 40
v -11.587101 81.142944 32.851715 50 50 40
v -12.041937 76.572876 26.114944 50 50 40
v -11.587101 81.142944 32.851715 50 50 40
v -11.587101 81.142944 32.851715 50 50 40
v -9.224598 76.431763 30.329376 50 50 40
v -6.285879 81.023315 36.392029 50 50 40
v -9.224598 76.431763 30.329376 50 50 40
v -6.285879 81.023315 36.392029 50 50 40
v -6.285879 81.023315 36.392029 50 50 40
v -5.008024 76.336670 33.145859 50 50 40
v -0.032532 80.979858 37.635620 50 50 40
v -6.285879 81.023315 36.392029 50 50 40
v -0.034035 76.302124 34.134583 50 50 40
v -11.585857 81.910889 9.754578 50 50 40
v -9.223608 77.042725 11.958160 50 50 40
v -15.128437 81.735962 15.052933 50 50 40
v -11.585857 81.910889 9.754578 50 50 40
v -12.041401 76.903564 16.172333 50 50 40
v -15.128437 81.735962 15.052933 50 50 40
v -12.041401 76.903564 16.172333 50 50 40
v -16.372681 81.528564 21.302689 50 50 40
v -15.128437 81.735962 15.052933 50 50 40
v -13.031071 76.738525 21.143585 50 50 40
v -16.372681 81.528564 21.302689 50 50 40
v -13.031071 76.738525 21.143585 50 50 40
v -12.041937 76.572876 26.114944 50 50 40
v -13.031071 76.738525 21.143585 50 50 40
v -12.041937 76.572876 26.114944 50 50 40
v -9.196817 72.791138 21.012543 50 50 40
v -8.499607 72.674438 24.516983 50 50 40
v -12.041937 76.572876 26.114944 50 50 40
v -12.041937 76.572876 26.114944 50 50 40
v -8.499607 72.674438 24.516983 50 50 40
v -6.513674 72.574951 27.487564 50 50 40
v -6.513674 72.574951 27.487564 50 50 40
v -3.541357 72.507935 29.473114 50 50 40
v -5.008024 76.336670 33.145859 50 50 40
v -5.008024 76.336670 33.145859 50 50 40
v -3.541357 72.507935 29.473114 50 50 40
v -0.035213 72.483521 30.170288 50 50 40
v -9.196817 72.791138 21.012543 50 50 40
v -4.331690 69.289429 20.896362 50 50 40
v -4.004757 69.234741 22.539780 50 50 40
v -4.004580 69.343994 19.253494 50 50 40
v -4.331690 69.289429 20.896362 50 50 40
v -9.196817 72.791138 21.012543 50 50 40
v -4.004580 69.343994 19.253494 50 50 40
v -9.196817 72.791138 21.012543 50 50 40
v -12.041401 76.903564 16.172333 50 50 40
v -8.499229 72.907471 17.508682 50 50 40
v -9.196817 72.791138 21.012543 50 50 40
v -8.499229 72.907471 17.508682 50 50 40
v -6.512976 73.005493 14.537766 50 50 40
v -4.004580 69.343994 19.253494 50 50 40
v -9.223608 77.042725 11.958160 50 50 40
v -6.512976 73.005493 14.537766 50 50 40
v -8.499229 72.907471 17.508682 50 50 40
v -6.512976 73.005493 14.537766 50 50 40
v -3.073332 69.389893 17.860504 50 50 40
v -4.004580 69.343994 19.253494 50 50 40
v -8.499607 72.674438 24.516983 50 50 40
v -9.196817 72.791138 21.012543 50 50 40
v -4.004757 69.234741 22.539780 50 50 40
v -13.031071 76.738525 21.143585 50 50 40
v -12.041401 76.903564 16.172333 50 50 40
v -9.196817 72.791138 21.012543 50 50 40
v -12.041401 76.903564 16.172333 50 50 40
v -9.223608 77.042725 11.958160 50 50 40
v -8.499229 72.907471 17.508682 50 50 40
v -0.034035 76.302124 34.134583 50 50 40
v -5.008024 76.336670 33.145859 50 50 40
v -0.035213 72.483521 30.170288 50 50 40
v -9.224598 76.431763 30.329376 50 50 40
v -6.513674 72.574951 27.487564 50 50 40
v -5.008024 76.336670 33.145859 50 50 40
v -9.224598 76.431763 30.329376 50 50 40
v -12.041937 76.572876 26.114944 50 50 40
v -6.513674 72.574951 27.487564 50 50 40
v -15.129110 81.320313 27.553070 50 50 40
v -16.372681 81.528564 21.302689 50 50 40
v -12.041937 76.572876 26.114944 50 50 40
v -7.304813 86.355347 39.034821 50 50 40
v -6.285879 81.023315 36.392029 50 50 40
v -0.032532 80.979858 37.635620 50 50 40
v -8.414194 98.987061 42.145203 50 50 40
v -0.026466 98.928711 43.812714 50 50 40
v 0.000330 175.238403 46.350586 50 50 40
v -0.028952 91.698486 42.303284 50 50 40
v -7.931234 91.753418 40.731949 50 50 40
v -0.030777 86.304810 40.481232 50 50 40
v -15.351373 176.924438 39.835922 50 50 40
v -8.307810 176.765503 44.540314 50 50 40
v -8.613005 197.580078 33.788437 50 50 40
v -20.057533 177.160034 32.795685 50 50 40
v -11.255859 197.712524 29.834778 50 50 40
v -12.183752 197.867920 25.171280 50 50 40
v -21.709812 177.436768 24.491425 50 50 40
v -12.183752 197.867920 25.171280 50 50 40
v -11.255358 198.022705 20.507904 50 50 40
v -8.612076 198.153198 16.554459 50 50 40
v -15.349720 177.944824 9.147476 50 50 40
v -11.255358 198.022705 20.507904 50 50 40
v -8.307810 176.765503 44.540314 50 50 40
v -4.657421 197.490967 36.430420 50 50 40
v -8.613005 197.580078 33.788437 50 50 40
v -8.387398 175.296753 44.682556 50 50 40
v -8.414194 98.987061 42.145203 50 50 40
v 0.000330 175.238403 46.350586 50 50 40
v 20.224047 99.371216 30.290710 50 50 40
v 21.919889 175.958984 24.444626 50 50 40
v 20.250841 175.680908 32.828079 50 50 40
v 21.919889 175.958984 24.444626 50 50 40
v 20.250841 175.680908 32.828079 50 50 40
v 20.060884 177.145996 32.797379 50 50 40
v 20.250841 175.680908 32.828079 50 50 40
v 15.353769 176.913574 39.837219 50 50 40
v 15.499376 175.446289 39.934845 50 50 40
v 15.353769 176.913574 39.837219 50 50 40
v 15.499376 175.446289 39.934845 50 50 40
v 8.309698 176.759644 44.541016 50 50 40
v 15.353769 176.913574 39.837219 50 50 40
v 20.060884 177.145996 32.797379 50 50 40
v 8.590521 197.635010 33.751480 50 50 40
v 11.221647 197.764893 29.816376 50 50 40
v 20.060884 177.145996 32.797379 50 50 40
v 8.361448 98.981079 42.145905 50 50 40
v 15.472582 99.136597 37.397491 50 50 40
v 15.499376 175.446289 39.934845 50 50 40
v 7.873453 91.747925 40.732620 50 50 40
v 15.472582 99.136597 37.397491 50 50 40
v 15.472582 99.136597 37.397491 50 50 40
v 14.572981 91.894165 36.258820 50 50 40
v 20.224047 99.371216 30.290710 50 50 40
v 14.572981 91.894165 36.258820 50 50 40
v 20.224047 99.371216 30.290710 50 50 40
v 19.049433 92.115234 29.563507 50 50 40
v 14.572981 91.894165 36.258820 50 50 40
v 19.049433 92.115234 29.563507 50 50 40
v 17.531141 86.688477 28.754196 50 50 40
v 19.049433 92.115234 29.563507 50 50 40
v 18.978502 86.929688 21.484177 50 50 40
v 20.621729 92.377319 21.665405 50 50 40
v 18.978502 86.929688 21.484177 50 50 40
v 21.893095 99.649292 21.907272 50 50 40
v 20.621729 92.377319 21.665405 50 50 40
v 19.050283 92.640503 13.767670 50 50 40
v 21.893095 99.649292 21.907272 50 50 40
v 19.050283 92.640503 13.767670 50 50 40
v 20.224951 99.928711 13.524200 50 50 40
v 19.050283 92.640503 13.767670 50 50 40
v 20.224951 99.928711 13.524200 50 50 40
v 14.574553 92.864624 7.071991 50 50 40
v 15.474249 100.166748 6.417053 50 50 40
v 14.574553 92.864624 7.071991 50 50 40
v 7.875509 93.015869 2.597641 50 50 40
v 8.363626 100.327026 1.668045 50 50 40
v 15.474249 100.166748 6.417053 50 50 40
v 7.875509 93.015869 2.597641 50 50 40
v 7.873453 91.747925 40.732620 50 50 40
v 7.243425 86.350220 39.035446 50 50 40
v 13.410357 86.484985 34.917587 50 50 40
v 6.220949 81.018799 36.392548 50 50 40
v 13.410357 86.484985 34.917587 50 50 40
v 13.410357 86.484985 34.917587 50 50 40
v 11.522554 81.134766 32.852692 50 50 40
v 17.531141 86.688477 28.754196 50 50 40
v 11.522554 81.134766 32.852692 50 50 40
v 17.531141 86.688477 28.754196 50 50 40
v 17.531141 86.688477 28.754196 50 50 40
v 15.065134 81.309692 27.554352 50 50 40
v 15.065134 81.309692 27.554352 50 50 40
v 16.309374 81.516968 21.304062 50 50 40
v 11.974733 76.564453 26.115952 50 50 40
v 16.309374 81.516968 21.304062 50 50 40
v 16.309374 81.516968 21.304062 50 50 40
v 12.964407 76.729370 21.144684 50 50 40
v 16.309374 81.516968 21.304062 50 50 40
v 11.975271 76.895142 16.173340 50 50 40
v 15.065809 81.725342 15.054199 50 50 40
v 11.975271 76.895142 16.173340 50 50 40
v 15.065809 81.725342 15.054199 50 50 40
v 11.523798 81.902710 9.755554 50 50 40
v 17.531923 87.171997 14.214066 50 50 40
v 11.523798 81.902710 9.755554 50 50 40
v 13.411802 87.378296 8.050827 50 50 40
v 11.523798 81.902710 9.755554 50 50 40
v 7.245314 87.517456 3.931946 50 50 40
v 13.411802 87.378296 8.050827 50 50 40
v 7.245314 87.517456 3.931946 50 50 40
v 7.875509 93.015869 2.597641 50 50 40
v 3.471010 72.505371 29.473419 50 50 40
v 4.940016 76.333130 33.146286 50 50 40
v 9.156942 76.425293 30.330139 50 50 40
v 11.522554 81.134766 32.852692 50 50 40
v 11.522554 81.134766 32.852692 50 50 40
v 9.156942 76.425293 30.330139 50 50 40
v 11.974733 76.564453 26.115952 50 50 40
v 9.156942 76.425293 30.330139 50 50 40
v 6.443491 72.570435 27.488113 50 50 40
v 11.974733 76.564453 26.115952 50 50 40
v 6.443491 72.570435 27.488113 50 50 40
v 8.429743 72.668457 24.517700 50 50 40
v 11.974733 76.564453 26.115952 50 50 40
v 11.974733 76.564453 26.115952 50 50 40
v 8.429743 72.668457 24.517700 50 50 40
v 9.127378 72.784668 21.013306 50 50 40
v 9.127378 72.784668 21.013306 50 50 40
v 8.430120 72.901489 17.509399 50 50 40
v 11.975271 76.895142 16.173340 50 50 40
v 11.975271 76.895142 16.173340 50 50 40
v 8.430120 72.901489 17.509399 50 50 40
v 8.430120 72.901489 17.509399 50 50 40
v 6.444189 73.000977 14.538315 50 50 40
v 9.157930 77.036133 11.958923 50 50 40
v 9.157930 77.036133 11.958923 50 50 40
v 6.444189 73.000977 14.538315 50 50 40
v 3.471922 73.067993 12.553253 50 50 40
v 4.941309 77.131348 9.142929 50 50 40
v 9.157930 77.036133 11.958923 50 50 40
v 3.471922 73.067993 12.553253 50 50 40
v 6.222574 82.022217 6.215240 50 50 40
v 11.523798 81.902710 9.755554 50 50 40
v 4.941309 77.131348 9.142929 50 50 40
v 11.523798 81.902710 9.755554 50 50 40
v 9.157930 77.036133 11.958923 50 50 40
v 4.941309 77.131348 9.142929 50 50 40
v 3.471010 72.505371 29.473419 50 50 40
v 6.443491 72.570435 27.488113 50 50 40
v 9.156942 76.425293 30.330139 50 50 40
v 11.523798 81.902710 9.755554 50 50 40
v 6.222574 82.022217 6.215240 50 50 40
v 7.245314 87.517456 3.931946 50 50 40
v 17.531923 87.171997 14.214066 50 50 40
v 13.411802 87.378296 8.050827 50 50 40
v 14.574553 92.864624 7.071991 50 50 40
v 11.975271 76.895142 16.173340 50 50 40
v 9.157930 77.036133 11.958923 50 50 40
v 11.523798 81.902710 9.755554 50 50 40
v 12.964407 76.729370 21.144684 50 50 40
v 9.127378 72.784668 21.013306 50 50 40
v 11.975271 76.895142 16.173340 50 50 40
v 12.964407 76.729370 21.144684 50 50 40
v 11.974733 76.564453 26.115952 50 50 40
v 9.127378 72.784668 21.013306 50 50 40
v 15.065134 81.309692 27.554352 50 50 40
v 11.522554 81.134766 32.852692 50 50 40
v 11.974733 76.564453 26.115952 50 50 40
v 6.220949 81.018799 36.392548 50 50 40
v 4.940016 76.333130 33.146286 50 50 40
v 11.522554 81.134766 32.852692 50 50 40
v 15.474249 100.166748 6.417053 50 50 40
v 8.363626 100.327026 1.668045 50 50 40
v 8.390421 176.636719 4.205399 50 50 40
v 15.474249 100.166748 6.417053 50 50 40
v 8.390421 176.636719 4.205399 50 50 40
v 15.501043 176.476440 8.954407 50 50 40
v 8.390421 176.636719 4.205399 50 50 40
v 8.311857 178.092896 4.444885 50 50 40
v 15.501043 176.476440 8.954407 50 50 40
v 8.311857 178.092896 4.444885 50 50 40
v 15.355421 177.933960 9.148773 50 50 40
v 8.311857 178.092896 4.444885 50 50 40
v 15.501043 176.476440 8.954407 50 50 40
v 15.355421 177.933960 9.148773 50 50 40
v 20.251745 176.238403 16.061569 50 50 40
v 15.355421 177.933960 9.148773 50 50 40
v 20.061781 177.698242 16.189011 50 50 40
v 15.355421 177.933960 9.148773 50 50 40
v 21.919889 175.958984 24.444626 50 50 40
v 20.251745 176.238403 16.061569 50 50 40
v 20.061781 177.698242 16.189011 50 50 40
v 21.919889 175.958984 24.444626 50 50 40
v 20.061781 177.698242 16.189011 50 50 40
v 21.714056 177.421509 24.493256 50 50 40
v 20.061781 177.698242 16.189011 50 50 40
v 12.202101 197.859253 25.172302 50 50 40
v 20.251745 176.238403 16.061569 50 50 40
v 20.224951 99.928711 13.524200 50 50 40
v 15.501043 176.476440 8.954407 50 50 40
v 14.574553 92.864624 7.071991 50 50 40
v 13.411802 87.378296 8.050827 50 50 40
v 7.875509 93.015869 2.597641 50 50 40
v 20.224951 99.928711 13.524200 50 50 40
v 15.474249 100.166748 6.417053 50 50 40
v 15.501043 176.476440 8.954407 50 50 40
v 19.050283 92.640503 13.767670 50 50 40
v 17.531923 87.171997 14.214066 50 50 40
v 14.574553 92.864624 7.071991 50 50 40
v 21.893095 99.649292 21.907272 50 50 40
v 20.224951 99.928711 13.524200 50 50 40
v 20.251745 176.238403 16.061569 50 50 40
v 18.978502 86.929688 21.484177 50 50 40
v 17.531923 87.171997 14.214066 50 50 40
v 19.050283 92.640503 13.767670 50 50 40
v 19.049433 92.115234 29.563507 50 50 40
v 20.621729 92.377319 21.665405 50 50 40
v 21.893095 99.649292 21.907272 50 50 40
v 18.978502 86.929688 21.484177 50 50 40
v 17.531141 86.688477 28.754196 50 50 40
v 16.309374 81.516968 21.304062 50 50 40
v 14.572981 91.894165 36.258820 50 50 40
v 13.410357 86.484985 34.917587 50 50 40
v 17.531141 86.688477 28.754196 50 50 40
v 14.572981 91.894165 36.258820 50 50 40
v 7.873453 91.747925 40.732620 50 50 40
v 13.410357 86.484985 34.917587 50 50 40
v 8.311857 178.092896 4.444885 50 50 40
v 4.675821 198.236328 13.913696 50 50 40
v 8.631353 198.147217 16.555191 50 50 40
v 15.355421 177.933960 9.148773 50 50 40
v 8.631353 198.147217 16.555191 50 50 40
v 11.274260 198.014771 20.508850 50 50 40
v 20.061781 177.698242 16.189011 50 50 40
v 11.274260 198.014771 20.508850 50 50 40
v 12.202101 197.859253 25.172302 50 50 40
v 20.060884 177.145996 32.797379 50 50 40
v 21.714056 177.421509 24.493256 50 50 40
v 12.202101 197.859253 25.172302 50 50 40
v 8.388243 175.290771 44.683258 50 50 40
v 8.361448 98.981079 42.145905 50 50 40
v 15.499376 175.446289 39.934845 50 50 40
v 8.309698 176.759644 44.541016 50 50 40
v 15.353769 176.913574 39.837219 50 50 40
v 4.653059 197.548950 36.380737 50 50 40
v 15.499376 175.446289 39.934845 50 50 40
v 15.472582 99.136597 37.397491 50 50 40
v 20.250841 175.680908 32.828079 50 50 40
v 15.353769 176.913574 39.837219 50 50 40
v 20.060884 177.145996 32.797379 50 50 40
v 8.590521 197.635010 33.751480 50 50 40
v 21.919889 175.958984 24.444626 50 50 40
v 21.714056 177.421509 24.493256 50 50 40
v 20.060884 177.145996 32.797379 50 50 40
v 15.472582 99.136597 37.397491 50 50 40
v 20.224047 99.371216 30.290710 50 50 40
v 20.250841 175.680908 32.828079 50 50 40
v 21.919889 175.958984 24.444626 50 50 40
v 21.893095 99.649292 21.907272 50 50 40
v 20.251745 176.238403 16.061569 50 50 40
v 20.224047 99.371216 30.290710 50 50 40
v 19.049433 92.115234 29.563507 50 50 40
v 21.893095 99.649292 21.907272 50 50 40
v 8.388243 175.290771 44.683258 50 50 40
v 8.309698 176.759644 44.541016 50 50 40
v 0.000854 176.707764 46.192474 50 50 40
v 0.000330 175.238403 46.350586 50 50 40
v 8.388243 175.290771 44.683258 50 50 40
v 0.000854 176.707764 46.192474 50 50 40
v -0.026466 98.928711 43.812714 50 50 40
v -0.028952 91.698486 42.303284 50 50 40
v 8.361448 98.981079 42.145905 50 50 40
v -0.026466 98.928711 43.812714 50 50 40
v 8.361448 98.981079 42.145905 50 50 40
v 8.388243 175.290771 44.683258 50 50 40
v -0.028952 91.698486 42.303284 50 50 40
v 7.873453 91.747925 40.732620 50 50 40
v 8.361448 98.981079 42.145905 50 50 40
v -0.030777 86.304810 40.481232 50 50 40
v -0.032532 80.979858 37.635620 50 50 40
v 6.220949 81.018799 36.392548 50 50 40
v 7.243425 86.350220 39.035446 50 50 40
v -0.030777 86.304810 40.481232 50 50 40
v 6.220949 81.018799 36.392548 50 50 40
v -0.032532 80.979858 37.635620 50 50 40
v -0.034035 76.302124 34.134583 50 50 40
v 4.940016 76.333130 33.146286 50 50 40
v 4.940016 76.333130 33.146286 50 50 40
v -0.034035 76.302124 34.134583 50 50 40
v 3.471010 72.505371 29.473419 50 50 40
v -0.034035 76.302124 34.134583 50 50 40
v -0.035213 72.483521 30.170288 50 50 40
v 3.471010 72.505371 29.473419 50 50 40
v -0.028952 91.698486 42.303284 50 50 40
v -0.030777 86.304810 40.481232 50 50 40
v 7.243425 86.350220 39.035446 50 50 40
v 6.220949 81.018799 36.392548 50 50 40
v -0.032532 80.979858 37.635620 50 50 40
v 4.940016 76.333130 33.146286 50 50 40
v 7.873453 91.747925 40.732620 50 50 40
v -0.028952 91.698486 42.303284 50 50 40
v 7.243425 86.350220 39.035446 50 50 40
v 8.309698 176.759644 44.541016 50 50 40
v 4.653059 197.548950 36.380737 50 50 40
v 0.008543 197.458496 37.358154 50 50 40
v 0.000330 175.238403 46.350586 50 50 40
v -0.026466 98.928711 43.812714 50 50 40
v 8.388243 175.290771 44.683258 50 50 40
v 0.000854 176.707764 46.192474 50 50 40
v 8.309698 176.759644 44.541016 50 50 40
v 0.008543 197.458496 37.358154 50 50 40

f 754 730 886
f 927 742 928
f 929 740 930
f 931 885 932
f 933 737 934
f 935 884 936
f 921 763 789
f 937 938 770
f 939 940 778
f 777 941 942
f 782 943 944
f 945 946 815
f 947 948 796
f 797 949 950
f 951 952 800
f 784 953 954
f 955 956 806
f 785 957 958
f 959 960 791
f 788 961 962
f 963 964 792
f 775 965 966
f 967 968 802
f 776 969 970
f 971 972 803
f 805 973 974
f 975 976 811
f 793 977 978
f 979 980 794
f 780 981 982
f 983 984 795
f 923 985 986
f 987 988 821
f 798 989 990
f 991 992 799
f 801 993 994
f 786 995 996
f 808 997 998
f 999 1000 809
f 1001 1002 810
f 804 1003 1004
f 813 1005 1006
f 816 1007 1008
f 1009 1010 848
f 1011 1012 847
f 818 1013 1014
f 1015 1016 835
f 819 1017 1018
f 1019 1020 831
f 820 1021 1022
f 1023 1024 838
f 825 1025 1026
f 1027 1028 826
f 807 1029 1030
f 1031 1032 828
f 812 1033 1034
f 1035 1036 839
f 924 1037 1038
f 1039 1040 824
f 827 1041 1042
f 1043 1044 844
f 814 1045 1046
f 1047 1048 849
f 829 1049 1050
f 817 833 830
f 832 1051 1052
f 1053 1054 823
f 822 1055 1056
f 1057 1058 843
f 1059 1060 1061
f 1062 1063 842
f 1064 1065 860
f 845 1066 1067
f 1068 1069 869
f 1070 1071 868
f 851 1072 1073
f 1074 1075 852
f 850 1076 1077
f 1078 1079 855
f 836 1080 1081
f 1082 1083 877
f 925 1084 1085
f 1086 1087 856
f 841 1088 1089
f 1090 1091 859
f 861 1092 1093
f 1094 1095 864
f 862 1096 1097
f 1098 1099 863
f 858 1100 1101
f 1102 1103 871
f 840 1104 1105
f 1106 1107 866
f 846 1108 1109
f 1110 1111 854
f 853 1112 1113
f 834 881 879
f 837 1114 1115
f 1116 1117 875
f 857 1118 1119
f 1120 1121 873
f 1122 1123 1124
f 1125 1126 1127
f 898 876 912
f 1128 1129 899
f 897 1130 1131
f 1132 1133 909
f 905 1134 1135
f 1136 1137 894
f 913 1138 1139
f 1140 1141 904
f 903 1142 1143
f 1144 1145 910
f 878 1146 1147
f 1148 1149 900
f 874 1150 1151
f 1152 1153 908
f 870 1154 1155
f 1156 1157 911
f 865 1158 1159
f 1160 1161 895
f 926 1162 1163
f 1164 1165 907
f 872 1166 1167
f 1168 1169 896
f 867 1170 1171
f 1172 1173 892
f 906 1174 1175
f 1176 1177 893
f 914 1178 1179
f 880 902 901
f 1180 1181 1182
f 1183 1184 1185
f 1186 1187 1188
f 1189 1190 1191
f 1192 1193 1194
f 1195 1196 1197
f 1198 1199 1200
f 1201 1202 1203
f 1204 1205 1206
f 1207 1208 1209
f 1210 1211 1212
f 1213 1214 1215
f 1216 1217 1218
f 1219 1220 1221
f 1222 1223 1224
f 1225 1226 1227
f 1228 1229 1230
f 1231 1232 1233
f 1234 1235 1236
f 1237 1238 1239
f 1240 1241 1242
f 1243 1244 1245
f 1246 1247 1248
f 1249 1250 1251
f 1252 1253 1254
f 1255 1256 1257
f 1258 1259 1260
f 1261 1262 1263
f 1264 1265 1266
f 1267 1268 1269
f 1270 1271 1272
f 1273 1274 1275
f 1276 1277 1278
f 1279 1280 1281
f 1282 1283 1284
f 1285 1286 1287
f 1288 1289 1290
f 1291 1292 1293
f 1294 1295 1296
f 1297 1298 1299
f 1300 1301 1302
f 1303 1304 1305
f 1306 1307 1308
f 1309 1310 1311
f 1312 1313 1314
f 1315 1316 1317
f 1318 1319 1320
f 1321 1322 1323
f 1324 1325 1326
f 1327 1328 1329
f 1330 1331 1332
f 1333 1334 1335
f 1336 1337 1338
f 1339 1340 1341
f 1342 1343 1344
f 1345 1346 1347
f 1348 1349 1350
f 1351 1352 1353
f 1354 1355 1356
f 1357 1358 1359
f 1360 1361 1362
f 790 1363 1364
f 1365 1366 1367
f 1368 1369 1370
f 1371 1372 1373
f 1374 767 1375
f 1376 761 1377
f 1378 1379 1380
f 1381 1382 1383
f 1384 1385 1386
f 1387 1388 1389
f 1390 1391 1392
f 1393 1394 1395
f 1396 783 1397
f 760 1398 1399
f 746 1400 1401
f 732 584 744
f 1402 579 1403
f 1404 1405 743
f 1406 578 1407
f 1408 572 1409
f 1410 1411 573
f 1412 565 1413
f 1414 1415 602
f 576 593 604
f 570 1416 1417
f 1418 1419 562
f 1420 1421 571
f 577 1422 1423
f 1424 1425 1426
f 582 1427 1428
f 1429 1430 1431
f 1432 1433 564
f 1434 1435 1436
f 1437 563 1438
f 1439 1440 589
f 1441 1442 1443
f 1444 736 1445
f 1446 1447 734
f 1448 731 1449
f 1450 1451 1452
f 1453 587 1454
f 1455 583 1456
f 1457 1458 1459
f 1460 1461 597
f 1462 1463 594
f 1464 1465 1466
f 1467 1468 605
f 1469 612 1470
f 1471 606 1472
f 1473 1474 1475
f 1476 607 1477
f 1478 610 611
f 1479 633 1480
f 1481 723 1482
f 1483 1484 621
f 1485 1486 601
f 1487 1488 1489
f 1490 1491 599
f 1492 1493 1494
f 1495 619 1496
f 1497 1498 596
f 1499 1500 1501
f 1502 1503 1504
f 1505 617 1506
f 1507 1508 1509
f 1510 615 1511
f 1512 1513 727
f 1514 1515 725
f 1516 1517 1518
f 1519 1520 634
f 1521 625 1522
f 641 646 663
f 1523 1524 642
f 655 656 651
f 630 1525 1526
f 1527 1528 622
f 1529 1530 631
f 1531 1532 1533
f 1534 1535 624
f 1536 1537 1538
f 1539 623 1540
f 658 668 652
f 1541 673 1542
f 1543 1544 648
f 649 1545 666
f 1546 1547 653
f 1548 675 1549
f 1550 1551 671
f 650 1552 1553
f 1554 1555 664
f 1556 1557 684
f 1558 1559 683
f 1560 1561 1562
f 1563 1564 698
f 680 1565 1566
f 1567 1568 695
f 679 1569 1570
f 1571 1572 677
f 667 1573 1574
f 1575 1576 678
f 917 1577 1578
f 1579 1580 686
f 665 1581 1582
f 1583 1584 669
f 682 1585 1586
f 1587 1588 681
f 662 1589 1590
f 1591 1592 697
f 918 1593 1594
f 1595 1596 919
f 1597 1598 1599
f 1600 1601 674
f 1602 1603 690
f 687 1604 1605
f 688 1606 1607
f 1608 1609 716
f 1610 1611 719
f 689 1612 1613
f 1614 1615 700
f 691 1616 1617
f 1618 1619 701
f 714 1620 1621
f 1622 1623 710
f 685 1624 1625
f 1626 1627 711
f 708 1628 1629
f 705 720 704
f 696 1630 1631
f 1632 1633 721
f 692 1634 1635
f 1636 1637 702
f 715 1638 1639
f 1640 1641 713
f 712 1642 1643
f 1644 1645 718
f 709 1646 1647
f 1648 1649 707
f 706 1650 1651
f 1652 1653 717
f 920 1654 1655
f 1656 1657 703
f 693 1658 1659
f 1660 1661 699
f 1662 1663 1664
f 1665 1666 1667
f 1668 1669 1670
f 1671 1672 1673
f 1674 1675 1676
f 1677 1678 1679
f 1680 1681 1682
f 1683 1684 1685
f 1686 1687 1688
f 1689 1690 1691
f 1692 1693 1694
f 1695 1696 1697
f 1698 1699 1700
f 1701 1702 1703
f 1704 1705 1706
f 1707 1708 1709
f 1710 1711 1712
f 1713 1714 1715
f 1716 1717 1718
f 1719 1720 1721
f 1722 1723 1724
f 1725 1726 1727
f 1728 1729 1730
f 1731 672 1732
f 1733 676 1734
f 1735 1736 1737
f 1738 1739 1740
f 1741 1742 1743
f 1744 694 1745
f 1746 1747 1748
f 1749 670 1750
f 1751 1752 1753
f 1754 1755 1756
f 1757 1758 1759
f 1760 1761 1762
f 1763 1764 1765
f 1766 1767 1768
f 1769 1770 1771
f 1772 1773 1774
f 1775 1776 1777
f 1778 1779 1780
f 1781 1782 1783
f 647 644 1784
f 1785 1786 1787
f 1788 1789 1790
f 1791 1792 1793
f 1794 1795 1796
f 1797 1798 1799
f 1800 1801 1802
f 1803 1804 1805
f 1806 1807 1808
f 1809 1810 1811
f 1812 1813 1814
f 660 1815 1816
f 1817 1818 1819
f 1820 1821 1822
f 1823 1824 1825
f 1826 1827 1828
f 1829 1830 1831
f 1832 1833 1834
f 1835 1836 1837
f 1838 1839 1840
f 1841 1842 1843
f 1844 1845 1846
f 1847 1848 1849
f 1850 1851 638
f 1852 1853 1854
f 1855 1856 1857
f 1858 1859 1860
f 1861 1862 1863
f 1864 1865 1866
f 1867 1868 1869
f 1870 1871 1872
f 1873 1874 1875
f 1876 1877 1878
f 1879 1880 1881
f 1882 1883 1884
f 1885 1886 1887
f 1888 1889 1890
f 1891 1892 1893
f 1894 1895 1896
f 1897 1898 1899
f 1900 1901 1902
f 1903 1904 1905
f 1906 1907 1908
f 1909 1910 1911
f 1912 1913 1914
f 1915 1916 1917
f 1918 1919 1920
f 1921 1922 1923
f 1924 1925 1926
f 1927 1928 1929
f 1930 1931 1932
f 1933 1934 1935
f 771 756 768
f 1936 1937 772
f 1938 1939 1940
f 1941 764 1942
f 1943 1944 1945
f 774 1946 1947
f 1948 1949 779
f 1950 1951 1952
f 758 1953 1954
f 1955 1956 1957
f 1958 1959 1960
f 1961 1962 1963
f 1964 1965 1966
f 1967 1968 1969
f 1970 1971 1972
f 1973 1974 1975
f 1976 1977 1978
f 1979 1980 1981
f 1982 1983 1984
f 1985 1986 1987
f 1988 1989 1990
f 1991 1992 1993
f 1994 787 1995
f 1996 769 1997
f 773 1998 1999
f 922 2000 2001
f 2002 2003 2004
f 2005 2006 2007
f 2008 766 2009
f 890 2010 2011
f 2012 2013 2014
f 2015 2016 2017
f 2018 762 2019
f 765 2020 2021
f 2022 747 2023
f 2024 759 2025
f 2026 2027 2028
f 2029 2030 2031
f 2032 2033 2034
f 2035 2036 2037
f 2038 2039 2040
f 2041 2042 2043
f 2044 2045 2046
f 2047 781 2048
f 750 2049 2050
f 2051 2052 2053
f 2054 2055 2056
f 2057 2058 2059
f 2060 2061 2062
f 2063 2064 2065
f 753 2066 2067
f 755 2068 2069
f 2070 2071 2072
f 2073 2074 2075
f 2076 2077 2078
f 2079 2080 2081
f 2082 2083 2084
f 2085 2086 2087
f 2088 2089 2090
f 2091 2092 2093
f 2094 2095 2096
f 2097 2098 2099
f 2100 2101 2102
f 2103 2104 2105
f 2106 2107 2108
f 2109 2110 2111
f 2112 2113 2114
f 2115 567 729
f 2116 2117 2118
f 2119 2120 757
f 887 2121 2122
f 2123 888 752
f 2124 2125 2126
f 2127 2128 590
f 566 2129 2130
f 2131 2132 883
f 2133 2134 2135
f 2136 2137 749
f 2138 2139 613
f 2140 2141 635
f 2142 657 2143
f 2144 916 2145
f 2146 2147 2148
f 2149 626 2150
f 2151 2152 627
f 2153 2154 2155
f 2156 2157 639
f 2158 2159 2160
f 2161 2162 637
f 2163 2164 2165
f 2166 2167 2168
f 2169 661 2170
f 2171 2172 2173
f 2174 2175 2176
f 2177 2178 2179
f 2180 2181 2182
f 2183 2184 2185
f 2186 2187 2188
f 645 2189 2190
f 2191 2192 2193
f 2194 2195 2196
f 2197 2198 2199
f 2200 2201 2202
f 2203 2204 2205
f 2206 2207 2208
f 2209 2210 2211
f 2212 2213 2214
f 2215 2216 2217
f 2218 2219 2220
f 2221 2222 2223
f 2224 2225 2226
f 2227 2228 2229
f 2230 2231 2232
f 2233 2234 2235
f 2236 2237 2238
f 2239 2240 2241
f 2242 2243 2244
f 2245 2246 2247
f 2248 2249 2250
f 559 560 561
f 569 2251 2252
f 2253 2254 739
f 2255 2256 741
f 575 2257 2258
f 2259 2260 728
f 580 2261 2262
f 2263 891 745
f 2264 889 2265
f 2266 2267 882
f 574 591 568
f 2268 2269 2270
f 2271 603 2272
f 2273 2274 2275
f 2276 600 2277
f 2278 2279 620
f 2280 2281 618
f 598 2282 2283
f 2284 2285 595
f 2286 2287 2288
f 585 2289 2290
f 2291 2292 592
f 581 2293 2294
f 2295 2296 2297
f 2298 2299 2300
f 608 724 609
f 2301 2302 2303
f 2304 628 2305
f 2306 2307 2308
f 2309 722 2310
f 2311 2312 640
f 2313 629 2314
f 2315 915 2316
f 2317 2318 643
f 726 2319 2320
f 2321 2322 636
f 616 2323 2324
f 614 2325 2326
f 2327 2328 2329
f 2330 2331 2332
f 632 2333 654
f 2334 2335 2336
f 2337 2338 2339
f 2340 2341 2342
f 2343 2344 2345
f 2346 2347 2348
f 2349 2350 2351
f 2352 2353 659
f 2354 2355 2356
f 2357 2358 2359
f 2360 2361 2362
f 2363 2364 2365
f 2366 2367 2368
f 2369 2370 2371
f 2372 2373 2374
f 2375 2376 2377
f 2378 2379 2380
f 2381 2382 2383
f 2384 2385 2386
f 2387 2388 2389
f 2390 2391 2392
f 2393 2394 2395
f 586 2396 2397
f 2398 2399 2400
f 733 2401 2402
f 2403 2404 751
f 588 2405 2406
f 735 2407 2408
f 2409 2410 748
f 2411 2412 2413
f 738 2414 2415
f 2416 2417 2418
f 2419 2420 2421
f 2422 2423 2424
f 2425 2426 2427
f 2428 2429 2430
f 2431 2432 2433
f 2434 2435 2436
f 2437 2438 2439
f 2440 2441 2442
f 2443 2444 2445
f 2446 2447 2448
f 2449 2450 2451
f 2452 2453 2454
f 2455 2456 2457
f 2458 2459 2460
f 2461 2462 2463
f 2464 2465 2466
f 2467 2468 2469
f 2470 2471 2472
f 2473 2474 2475
f 2476 2477 2478
f 2479 2480 2481
f 2482 2483 2484
f 2485 2486 2487
f 2488 2489 2490
f 2491 2492 2493
f 2494 2495 2496
f 2497 2498 2499
f 2500 2501 2502
f 2503 2504 2505
f 2506 2507 2508
f 2509 2510 2511
f 2512 2513 2514
f 2515 2516 2517
f 2518 2519 2520
f 2521 2522 2523
f 2524 2525 2526
f 2527 2528 2529
f 2530 2531 2532

usemtl Metallic_0
f 756 887 757
f 922 756 757
f 922 757 745
f 773 922 745
f 890 773 745
f 891 890 745
f 765 890 891
f 889 765 891
f 882 747 889
f 747 882 748
f 750 747 748
f 750 748 751
f 753 750 751
f 753 751 754
f 755 753 754
f 921 755 754
f 886 921 754
f 884 746 885
f 746 763 885
f 763 921 885
f 829 849 833
f 817 829 833
f 853 854 881
f 834 853 881
f 873 875 876
f 898 873 876
f 914 893 902
f 880 914 902
f 879 880 876
f 881 914 880
f 914 881 906
f 906 854 867
f 871 872 867
f 863 926 872
f 926 863 865
f 865 864 870
f 856 874 870
f 877 878 874
f 878 877 903
f 903 855 913
f 868 905 913
f 905 868 897
f 873 898 897
f 869 873 897
f 875 879 876
f 879 881 880
f 881 854 906
f 854 866 867
f 866 871 867
f 871 863 872
f 863 864 865
f 864 859 870
f 859 856 870
f 856 877 874
f 877 855 903
f 855 852 913
f 852 868 913
f 868 869 897
f 760 746 883
f 760 883 749
f 758 760 749
f 758 749 752
f 774 758 752
f 771 774 752
f 888 771 752
f 708 711 720
f 705 708 720
f 756 771 888
f 746 884 883
f 921 886 885
f 747 765 889
f 887 756 888

usemtl Metallic_0
f 640 726 616
f 618 640 616


o Object.6
v 9.159357 197.650391 33.875595 50 50 40
v 25.191778 234.614624 52.051392 50 50 40
v 12.341284 208.578247 38.334534 50 50 40
v 12.351824 238.590454 39.332458 50 50 40
v 8.702200 197.635376 34.332642 50 50 40
v 25.183409 210.779419 51.258835 50 50 40
v 25.640261 210.794434 50.801788 50 50 40
v 12.808977 238.605469 38.875885 50 50 40
v 25.648630 234.629639 51.594330 50 50 40
v 8.705015 205.651611 34.599197 50 50 40
v 21.777151 238.273926 48.754425 50 50 40
v 22.234003 238.288818 48.297882 50 50 40
v 9.162172 205.666626 34.142136 50 50 40
v 12.798437 208.593262 37.877960 50 50 40

v 12.798437 208.593262 37.877960 50 50 40
v 25.640261 210.794434 50.801788 50 50 40
v 25.648630 234.629639 51.594330 50 50 40
v 25.640261 210.794434 50.801788 50 50 40
v 25.191778 234.614624 52.051392 50 50 40
v 25.640261 210.794434 50.801788 50 50 40
v 25.640261 210.794434 50.801788 50 50 40
v 25.183409 210.779419 51.258835 50 50 40
v 8.702200 197.635376 34.332642 50 50 40
v 25.183409 210.779419 51.258835 50 50 40
v 12.341284 208.578247 38.334534 50 50 40
v 8.702200 197.635376 34.332642 50 50 40
v 12.808977 238.605469 38.875885 50 50 40
v 21.777151 238.273926 48.754425 50 50 40
v 22.234003 238.288818 48.297882 50 50 40
v 21.777151 238.273926 48.754425 50 50 40
v 25.648630 234.629639 51.594330 50 50 40
v 25.648630 234.629639 51.594330 50 50 40
v 12.808977 238.605469 38.875885 50 50 40
v 22.234003 238.288818 48.297882 50 50 40
v 12.351824 238.590454 39.332458 50 50 40
v 25.191778 234.614624 52.051392 50 50 40
v 21.777151 238.273926 48.754425 50 50 40
v 25.191778 234.614624 52.051392 50 50 40
v 12.351824 238.590454 39.332458 50 50 40
v 12.341284 208.578247 38.334534 50 50 40
v 25.183409 210.779419 51.258835 50 50 40
v 25.191778 234.614624 52.051392 50 50 40
v 12.341284 208.578247 38.334534 50 50 40
v 21.777151 238.273926 48.754425 50 50 40
v 25.191778 234.614624 52.051392 50 50 40
v 25.648630 234.629639 51.594330 50 50 40
v 12.798437 208.593262 37.877960 50 50 40
v 12.808977 238.605469 38.875885 50 50 40
v 25.648630 234.629639 51.594330 50 50 40
v 9.159357 197.650391 33.875595 50 50 40
v 12.798437 208.593262 37.877960 50 50 40
v 9.159357 197.650391 33.875595 50 50 40
v 25.640261 210.794434 50.801788 50 50 40
v 8.702200 197.635376 34.332642 50 50 40

f 2539 2533 2546
f 2547 2541 2548
f 2549 2534 2550
f 2551 2538 2552
f 2553 2554 2537
f 2535 2555 2556
f 2557 2542 2558
f 2540 2536 2543
f 2544 2559 2560
f 2561 2562 2563
f 2564 2565 2566
f 2567 2568 2569
f 2570 2571 2572
f 2573 2574 2575
f 2576 2577 2578
f 2579 2580 2581
f 2582 2545 2583
f 2584 2585 2586

usemtl Metallic_0
f 2537 2542 2545
f 2533 2537 2545
f 2545 2542 2546
f 2542 2535 2546
f 2546 2535 2540
f 2535 2536 2540


o Object.7
v -25.615047 210.812500 50.799622 50 50 40
v -12.773540 208.602173 37.876877 50 50 40
v -25.157894 210.797119 51.256714 50 50 40
v -12.763002 238.614380 38.874817 50 50 40
v -21.732088 238.289185 48.752594 50 50 40
v -9.139019 205.673096 34.141357 50 50 40
v -8.681915 205.657837 34.598465 50 50 40
v -12.316437 208.586914 38.333496 50 50 40
v -22.189241 238.304565 48.296005 50 50 40
v -25.606678 234.647705 51.592163 50 50 40
v -25.149525 234.632324 52.049255 50 50 40
v -12.305899 238.599121 39.331421 50 50 40
v -9.141834 197.656860 33.874817 50 50 40
v -8.684731 197.641602 34.331909 50 50 40

v -12.773540 208.602173 37.876877 50 50 40
v -25.615047 210.812500 50.799622 50 50 40
v -12.316437 208.586914 38.333496 50 50 40
v -25.157894 210.797119 51.256714 50 50 40
v -12.316437 208.586914 38.333496 50 50 40
v -25.149525 234.632324 52.049255 50 50 40
v -25.149525 234.632324 52.049255 50 50 40
v -12.305899 238.599121 39.331421 50 50 40
v -25.606678 234.647705 51.592163 50 50 40
v -8.684731 197.641602 34.331909 50 50 40
v -12.316437 208.586914 38.333496 50 50 40
v -12.773540 208.602173 37.876877 50 50 40
v -9.141834 197.656860 33.874817 50 50 40
v -25.606678 234.647705 51.592163 50 50 40
v -12.763002 238.614380 38.874817 50 50 40
v -12.773540 208.602173 37.876877 50 50 40

f 2587 2596 2588
f 2601 2599 2602
f 2589 2600 2594
f 2603 2597 2604
f 2605 2598 2606
f 2607 2608 2591
f 2590 2609 2595
f 2610 2593 2611
f 2612 2592 2613
f 2614 2615 2616

usemtl Metallic_0
f 2587 2599 2600
f 2589 2587 2600
f 2591 2595 2597
f 2595 2596 2597
f 2590 2595 2591
f 2598 2590 2591
f 2590 2598 2594
f 2588 2590 2594
f 2588 2594 2593
f 2592 2588 2593
f 2592 2593 2600
f 2587 2589 2597
f 2599 2592 2600
f 2596 2587 2597


o Object.8
v 12.799768 209.413574 13.208344 50 50 40
v 25.186167 212.483643 0.003555 50 50 40
v 12.810308 239.425781 14.206268 50 50 40
v 22.236349 239.735718 4.785095 50 50 40
v 21.779543 239.751099 4.328491 50 50 40
v 8.706003 206.260620 16.284012 50 50 40
v 25.642973 212.468384 0.460175 50 50 40
v 8.703188 198.244385 16.017456 50 50 40
v 12.342661 209.428955 12.751740 50 50 40
v 12.353201 239.441162 13.749664 50 50 40
v 25.651342 236.303589 1.252716 50 50 40
v 9.160292 198.229004 16.474075 50 50 40
v 25.194536 236.318848 0.796112 50 50 40
v 9.163107 206.245239 16.740616 50 50 40

v 12.799768 209.413574 13.208344 50 50 40
v 25.642973 212.468384 0.460175 50 50 40
v 25.642973 212.468384 0.460175 50 50 40
v 9.160292 198.229004 16.474075 50 50 40
v 25.642973 212.468384 0.460175 50 50 40
v 8.703188 198.244385 16.017456 50 50 40
v 25.186167 212.483643 0.003555 50 50 40
v 8.703188 198.244385 16.017456 50 50 40
v 12.342661 209.428955 12.751740 50 50 40
v 25.186167 212.483643 0.003555 50 50 40
v 12.342661 209.428955 12.751740 50 50 40
v 25.194536 236.318848 0.796112 50 50 40
v 25.194536 236.318848 0.796112 50 50 40
v 12.353201 239.441162 13.749664 50 50 40
v 25.651342 236.303589 1.252716 50 50 40
v 25.194536 236.318848 0.796112 50 50 40
v 21.779543 239.751099 4.328491 50 50 40
v 25.651342 236.303589 1.252716 50 50 40
v 21.779543 239.751099 4.328491 50 50 40
v 22.236349 239.735718 4.785095 50 50 40
v 21.779543 239.751099 4.328491 50 50 40
v 12.810308 239.425781 14.206268 50 50 40
v 25.651342 236.303589 1.252716 50 50 40
v 22.236349 239.735718 4.785095 50 50 40
v 12.353201 239.441162 13.749664 50 50 40
v 12.810308 239.425781 14.206268 50 50 40
v 21.779543 239.751099 4.328491 50 50 40
v 12.810308 239.425781 14.206268 50 50 40
v 12.353201 239.441162 13.749664 50 50 40
v 12.342661 209.428955 12.751740 50 50 40
v 12.799768 209.413574 13.208344 50 50 40
v 12.810308 239.425781 14.206268 50 50 40
v 12.342661 209.428955 12.751740 50 50 40
v 12.799768 209.413574 13.208344 50 50 40
v 12.342661 209.428955 12.751740 50 50 40
v 12.799768 209.413574 13.208344 50 50 40
v 8.706003 206.260620 16.284012 50 50 40
v 9.163107 206.245239 16.740616 50 50 40
v 8.706003 206.260620 16.284012 50 50 40
v 8.703188 198.244385 16.017456 50 50 40
v 8.703188 198.244385 16.017456 50 50 40
v 8.706003 206.260620 16.284012 50 50 40
v 12.342661 209.428955 12.751740 50 50 40
v 25.642973 212.468384 0.460175 50 50 40
v 25.186167 212.483643 0.003555 50 50 40
v 25.194536 236.318848 0.796112 50 50 40
v 9.160292 198.229004 16.474075 50 50 40
v 9.163107 206.245239 16.740616 50 50 40
v 8.703188 198.244385 16.017456 50 50 40
v 12.799768 209.413574 13.208344 50 50 40
v 9.163107 206.245239 16.740616 50 50 40
v 9.160292 198.229004 16.474075 50 50 40
v 25.651342 236.303589 1.252716 50 50 40
v 12.810308 239.425781 14.206268 50 50 40
v 12.799768 209.413574 13.208344 50 50 40
v 25.651342 236.303589 1.252716 50 50 40
v 25.642973 212.468384 0.460175 50 50 40
v 25.194536 236.318848 0.796112 50 50 40

f 2623 2627 2617
f 2631 2628 2632
f 2633 2634 2624
f 2618 2635 2636
f 2637 2638 2625
f 2639 2629 2640
f 2641 2626 2642
f 2643 2644 2621
f 2645 2646 2647
f 2620 2648 2649
f 2619 2650 2651
f 2652 2653 2654
f 2655 2656 2657
f 2658 2659 2660
f 2661 2662 2663
f 2664 2665 2622
f 2630 2666 2667
f 2668 2669 2670
f 2671 2672 2673
f 2674 2675 2676
f 2677 2678 2679
f 2680 2681 2682
f 2683 2684 2685
f 2686 2687 2688


o Object.9
v -25.155134 212.501343 0.001434 50 50 40
v -12.761673 239.434692 14.205200 50 50 40
v -21.729694 239.766357 4.326660 50 50 40
v -8.680929 206.266846 16.283279 50 50 40
v -9.138083 206.251709 16.739838 50 50 40
v -25.146765 236.336548 0.793976 50 50 40
v -25.612335 212.486450 0.458008 50 50 40
v -22.186897 239.751465 4.783218 50 50 40
v -12.772211 209.422485 13.207260 50 50 40
v -12.304522 239.449829 13.748627 50 50 40
v -8.683744 198.250610 16.016724 50 50 40
v -9.140898 198.235474 16.473297 50 50 40
v -12.315060 209.437622 12.750702 50 50 40
v -25.603966 236.321655 1.250549 50 50 40

v -12.772211 209.422485 13.207260 50 50 40
v -25.612335 212.486450 0.458008 50 50 40
v -12.315060 209.437622 12.750702 50 50 40
v -8.683744 198.250610 16.016724 50 50 40
v -25.603966 236.321655 1.250549 50 50 40
v -25.146765 236.336548 0.793976 50 50 40
v -12.304522 239.449829 13.748627 50 50 40
v -12.315060 209.437622 12.750702 50 50 40
v -25.155134 212.501343 0.001434 50 50 40
v -25.146765 236.336548 0.793976 50 50 40
v -12.315060 209.437622 12.750702 50 50 40
v -12.772211 209.422485 13.207260 50 50 40
v -12.761673 239.434692 14.205200 50 50 40
v -25.603966 236.321655 1.250549 50 50 40
v -9.140898 198.235474 16.473297 50 50 40
v -12.772211 209.422485 13.207260 50 50 40

f 2695 2700 2697
f 2703 2702 2704
f 2701 2699 2689
f 2705 2692 2706
f 2707 2690 2696
f 2698 2694 2691
f 2708 2709 2710
f 2711 2712 2713
f 2714 2715 2716
f 2717 2693 2718

usemtl Metallic_0
f 2702 2694 2695
f 2694 2689 2695
f 2695 2689 2699
f 2699 2692 2693
f 2700 2699 2693
f 2693 2692 2697
f 2692 2701 2697
f 2697 2701 2690
f 2701 2698 2690
f 2690 2698 2691
f 2696 2690 2691
f 2696 2691 2694
f 2702 2696 2694
f 2700 2695 2699

